Tumor Suppressor Genes,Oncogenes,Protein Kinases,Cell Differentiation Markers,Transcription Factors,Cytokines and Growth Factors
CDC73_cnv,ABL2_cnv,ABL2_cnv,CD160_cnv,ARC_cnv,AGT_cnv
CDKN2A_cnv,ARNT_cnv,ADCK5_cnv,CD1A_cnv,ARNT_cnv,BMP1_cnv
EXT1_cnv,BCL9_cnv,AKT3_cnv,CD1B_cnv,ASH1L_cnv,CCL28_cnv
FH_cnv,CDK4_cnv,BLK_cnv,CD1C_cnv,ATF3_cnv,DEFA1_cnv
NBN_cnv,COX6C_cnv,CAMK1G_cnv,CD1D_cnv,ATF6_cnv,DEFA3_cnv
RECQL4_cnv,EGFR_cnv,CDC42BPA_cnv,CD1E_cnv,BATF3_cnv,DEFA5_cnv
SDHC_cnv,ELK4_cnv,CDK18_cnv,CD22_cnv,BAZ1A_cnv,DEFB1_cnv
AMER1_rnaseq,FCGR2B_cnv,CDK4_cnv,CD244_cnv,BHLHE41_cnv,DEFB103B_cnv
APC_rnaseq,FCRL4_cnv,CLK2_cnv,CD247_cnv,BLZF1_cnv,DEFB104A_cnv
ASXL1_rnaseq,GNAS_cnv,DDR2_cnv,CD34_cnv,CEBPG_cnv,DEFB4A_cnv
ATM_rnaseq,KAT6A_cnv,DSTYK_cnv,CD46_cnv,CELF3_cnv,FASLG_cnv
BLM_rnaseq,KRAS_cnv,DYRK3_cnv,CD48_cnv,CERS2_cnv,FGF10_cnv
BMPR1A_rnaseq,LIFR_cnv,EGFR_cnv,CD55_cnv,CHD1L_cnv,FGF17_cnv
BRCA1_rnaseq,MDM2_cnv,IKBKB_cnv,CD5L_cnv,CREG1_cnv,FGF20_cnv
BRCA2_rnaseq,MDM4_cnv,IKBKE_cnv,CD84_cnv,CSRP1_cnv,GDF6_cnv
BRIP1_rnaseq,MLLT11_cnv,INSRR_cnv,CR1_cnv,DIDO1_cnv,GDNF_cnv
BUB1B_rnaseq,MUC1_cnv,MAPK15_cnv,CR2_cnv,EGR3_cnv,GNRH1_cnv
CBLB_rnaseq,MYC_cnv,MAPKAPK2_cnv,DDR2_cnv,ELF3_cnv,GPI_cnv
CBLC_rnaseq,NOTCH2_cnv,MARK1_cnv,F11R_cnv,ELK4_cnv,GREM2_cnv
CDC73_rnaseq,NTRK1_cnv,NEK2_cnv,FASLG_cnv,ESRRG_cnv,HAMP_cnv
CDH1_rnaseq,PBX1_cnv,NEK7_cnv,FCGR1A_cnv,ETV2_cnv,HDGF_cnv
CDKN2A_rnaseq,PCM1_cnv,NPR1_cnv,FCGR2A_cnv,ETV3_cnv,IFNA1_cnv
CDKN2C_rnaseq,PDE4DIP_cnv,NRBP2_cnv,FCGR2B_cnv,FAM189B_cnv,IFNA10_cnv
CHEK2_rnaseq,PRCC_cnv,NTRK1_cnv,FCGR2C_cnv,FOXA1_cnv,IFNA13_cnv
CYLD_rnaseq,PRRX1_cnv,NUAK2_cnv,FCGR3A_cnv,FOXG1_cnv,IFNA14_cnv
DDB2_rnaseq,SLC45A3_cnv,OBSCN_cnv,FCRL5_cnv,FOXH1_cnv,IFNA16_cnv
DICER1_rnaseq,SS18L1_cnv,PBK_cnv,IGSF8_cnv,GATA4_cnv,IFNA17_cnv
EP300_rnaseq,TPM3_cnv,PRKAA1_cnv,IL6R_cnv,GATA5_cnv,IFNA2_cnv
ERCC2_rnaseq,TPR_cnv,PRKD1_cnv,IL7R_cnv,HEY1_cnv,IFNA21_cnv
ERCC3_rnaseq,ABI1_rnaseq,PTK2_cnv,LIFR_cnv,HLX_cnv,IFNA4_cnv
ERCC4_rnaseq,ABL1_rnaseq,PTK2B_cnv,LY9_cnv,HMBOX1_cnv,IFNA5_cnv
ERCC5_rnaseq,ABL2_rnaseq,PTK6_cnv,MSR1_cnv,HR_cnv,IFNA6_cnv
EXT1_rnaseq,ACKR3_rnaseq,RNASEL_cnv,MUC1_cnv,HSF1_cnv,IFNA7_cnv
EXT2_rnaseq,ACSL3_rnaseq,RPS6KC1_cnv,PTPRC_cnv,ILF2_cnv,IFNA8_cnv
FANCA_rnaseq,ACSL6_rnaseq,SCYL3_cnv,SELE_cnv,INSM2_cnv,IFNB1_cnv
FANCC_rnaseq,AFF1_rnaseq,SRMS_cnv,SELL_cnv,IRF6_cnv,IFNE_cnv
FANCD2_rnaseq,AFF3_rnaseq,STK3_cnv,SELP_cnv,IRX1_cnv,IFNW1_cnv
FANCE_rnaseq,AFF4_rnaseq,STK38L_cnv,SLAMF1_cnv,IRX2_cnv,IL10_cnv
FANCF_rnaseq,AKAP9_rnaseq,TRIB1_cnv,SLAMF7_cnv,IRX4_cnv,IL19_cnv
FANCG_rnaseq,AKT1_rnaseq,TRIO_cnv,TNFRSF10A_cnv,JMJD4_cnv,IL20_cnv
FAS_rnaseq,AKT2_rnaseq,UHMK1_cnv,TNFRSF10B_cnv,KAT6A_cnv,IL24_cnv
FBXW7_rnaseq,ALK_rnaseq,AAK1_rnaseq,TNFRSF10C_cnv,KIAA0040_cnv,IL7_cnv
FH_rnaseq,ARHGAP26_rnaseq,AATK_rnaseq,TNFRSF10D_cnv,KLF10_cnv,LEFTY1_cnv
GATA3_rnaseq,ARHGEF12_rnaseq,ABL1_rnaseq,TNFSF4_cnv,LHX4_cnv,LEFTY2_cnv
HNF1A_rnaseq,ARNT_rnaseq,ABL2_rnaseq,S100A6_cnv,LHX9_cnv,NENF_cnv
KDM5C_rnaseq,ASPSCR1_rnaseq,ACVR1_rnaseq,SEMA4A_cnv,LMX1A_cnv,PDGFRL_cnv
KDM6A_rnaseq,ATF1_rnaseq,ACVR1B_rnaseq,SEMA5A_cnv,LRRC14_cnv,PNOC_cnv
KLF6_rnaseq,ATIC_rnaseq,ACVR1C_rnaseq,SEMA6C_cnv,LSR_cnv,S100A6_cnv
MAP2K4_rnaseq,BCL10_rnaseq,ACVR2A_rnaseq,SLURP1_cnv,LZTS1_cnv,SEMA4A_cnv
MEN1_rnaseq,BCL11A_rnaseq,ACVR2B_rnaseq,STC1_cnv,MED21_cnv,SEMA5A_cnv
MLH1_rnaseq,BCL11B_rnaseq,ACVRL1_rnaseq,TG_cnv,MEF2D_cnv,SEMA6C_cnv
MSH2_rnaseq,BCL2_rnaseq,ADCK1_rnaseq,TGFB2_cnv,MFSD3_cnv,SLURP1_cnv
MSH6_rnaseq,BCL3_rnaseq,ADCK2_rnaseq,TNFRSF11B_cnv,MIXL1_cnv,STC1_cnv
MUTYH_rnaseq,BCL6_rnaseq,ADCK5_rnaseq,TNFSF18_cnv,MNDA_cnv,TG_cnv
NBN_rnaseq,BCL7A_rnaseq,AKT1_rnaseq,XCL1_cnv,MYC_cnv,TGFB2_cnv
NF1_rnaseq,BCL9_rnaseq,AKT2_rnaseq,XCL2_cnv,MYOG_cnv,TNFRSF11B_cnv
NF2_rnaseq,BCR_rnaseq,AKT3_rnaseq,ABCB1_rnaseq,MYT1_cnv,TNFSF18_cnv
PALB2_rnaseq,BIRC3_rnaseq,ALK_rnaseq,ABCG2_rnaseq,NCALD_cnv,TNFSF4_cnv
PHOX2B_rnaseq,BRAF_rnaseq,ALPK1_rnaseq,ACE_rnaseq,NFKBIA_cnv,XCL1_cnv
PIK3R1_rnaseq,BRD3_rnaseq,ALPK2_rnaseq,ACKR1_rnaseq,NR1I3_cnv,XCL2_cnv
PMS1_rnaseq,BRD4_rnaseq,ALPK3_rnaseq,ADAM10_rnaseq,NR5A2_cnv,ADIPOQ_rnaseq
PMS2_rnaseq,BTG1_rnaseq,AMHR2_rnaseq,ADAM17_rnaseq,OTUD7B_cnv,ADM_rnaseq
PRF1_rnaseq,CANT1_rnaseq,ANKK1_rnaseq,ADGRE2_rnaseq,PAX9_cnv,ADM2_rnaseq
PTCH1_rnaseq,CARD11_rnaseq,ARAF_rnaseq,ADGRE5_rnaseq,PBX1_cnv,AGRP_rnaseq
PTEN_rnaseq,CBFA2T3_rnaseq,ATM_rnaseq,ALCAM_rnaseq,PIAS3_cnv,AGT_rnaseq
RB1_rnaseq,CBFB_rnaseq,ATR_rnaseq,ALK_rnaseq,PMF1_cnv,AIMP1_rnaseq
RECQL4_rnaseq,CCDC6_rnaseq,AURKA_rnaseq,ANPEP_rnaseq,POU2F1_cnv,AMBN_rnaseq
SBDS_rnaseq,CCNB1IP1_rnaseq,AURKB_rnaseq,ART1_rnaseq,POU5F1B_cnv,AMELX_rnaseq
SDHAF2_rnaseq,CCND2_rnaseq,AURKC_rnaseq,ART4_rnaseq,PRDM9_cnv,AMH_rnaseq
SDHB_rnaseq,CCND3_rnaseq,AXL_rnaseq,ATP1B3_rnaseq,PROX1_cnv,ANGPTL7_rnaseq
SDHC_rnaseq,CD74_rnaseq,BCKDK_rnaseq,B3GAT1_rnaseq,PRRX1_cnv,APLN_rnaseq
SDHD_rnaseq,CD79A_rnaseq,BCR_rnaseq,BCAM_rnaseq,RBBP5_cnv,ARTN_rnaseq
SETD2_rnaseq,CD79B_rnaseq,BLK_rnaseq,BMPR1A_rnaseq,RFX5_cnv,AVP_rnaseq
SMAD4_rnaseq,CDH11_rnaseq,BMP2K_rnaseq,BMPR1B_rnaseq,RNF115_cnv,AZU1_rnaseq
SMARCA4_rnaseq,CDK4_rnaseq,BMPR1A_rnaseq,BSG_rnaseq,RNF2_cnv,BDNF_rnaseq
SMARCB1_rnaseq,CDK6_rnaseq,BMPR1B_rnaseq,BST1_rnaseq,RORC_cnv,BMP1_rnaseq
SOCS1_rnaseq,CDX2_rnaseq,BMPR2_rnaseq,BST2_rnaseq,RXRG_cnv,BMP10_rnaseq
STK11_rnaseq,CEBPA_rnaseq,BMX_rnaseq,BTLA_rnaseq,SCRT1_cnv,BMP15_rnaseq
SUFU_rnaseq,CHCHD7_rnaseq,BRAF_rnaseq,BTN3A1_rnaseq,SETDB1_cnv,BMP2_rnaseq
TET2_rnaseq,CHIC2_rnaseq,BRD2_rnaseq,C5AR1_rnaseq,SOX13_cnv,BMP3_rnaseq
TNFAIP3_rnaseq,CHN1_rnaseq,BRD3_rnaseq,CCR1_rnaseq,SOX18_cnv,BMP4_rnaseq
TP53_rnaseq,CIC_rnaseq,BRD4_rnaseq,CCR2_rnaseq,SUB1_cnv,BMP5_rnaseq
TSC1_rnaseq,CIITA_rnaseq,BRDT_rnaseq,CCR3_rnaseq,TAF1A_cnv,BMP6_rnaseq
TSC2_rnaseq,CLP1_rnaseq,BRSK1_rnaseq,CCR4_rnaseq,TAF2_cnv,BMP7_rnaseq
VHL_rnaseq,CLTC_rnaseq,BRSK2_rnaseq,CCR5_rnaseq,TAF5L_cnv,BMP8A_rnaseq
WRN_rnaseq,CLTCL1_rnaseq,BTK_rnaseq,CCR6_rnaseq,TBX19_cnv,BMP8B_rnaseq
WT1_rnaseq,CNBP_rnaseq,BUB1_rnaseq,CCR7_rnaseq,TCFL5_cnv,BTC_rnaseq
XPA_rnaseq,CNTRL_rnaseq,BUB1B_rnaseq,CCR8_rnaseq,TFB2M_cnv,C3_rnaseq
XPC_rnaseq,COL1A1_rnaseq,CAMK1_rnaseq,CCR9_rnaseq,TONSL_cnv,C5_rnaseq
,COX6C_rnaseq,CAMK1D_rnaseq,CD101_rnaseq,TRIP13_cnv,CALCA_rnaseq
,CREB1_rnaseq,CAMK1G_rnaseq,CD109_rnaseq,TRPS1_cnv,CALCB_rnaseq
,CREB3L2_rnaseq,CAMK2A_rnaseq,CD14_rnaseq,TSHZ2_cnv,CAMP_rnaseq
,CREBBP_rnaseq,CAMK2B_rnaseq,CD151_rnaseq,USF1_cnv,CAT_rnaseq
,CRTC1_rnaseq,CAMK2D_rnaseq,CD160_rnaseq,USF2_cnv,CCK_rnaseq
,CRTC3_rnaseq,CAMK2G_rnaseq,CD163_rnaseq,VPS72_cnv,CCL1_rnaseq
,CTNNB1_rnaseq,CAMK4_rnaseq,CD164_rnaseq,YEATS4_cnv,CCL11_rnaseq
,DDIT3_rnaseq,CAMKK2_rnaseq,CD177_rnaseq,ZBTB18_cnv,CCL13_rnaseq
,DDX10_rnaseq,CAMKV_rnaseq,CD180_rnaseq,ZBTB32_cnv,CCL14_rnaseq
,DDX5_rnaseq,CASK_rnaseq,CD19_rnaseq,ZBTB7B_cnv,CCL15_rnaseq
,DDX6_rnaseq,CDC42BPB_rnaseq,CD1A_rnaseq,ZFPM2_cnv,CCL16_rnaseq
,DEK_rnaseq,CDC42BPG_rnaseq,CD1B_rnaseq,ZFR_cnv,CCL17_rnaseq
,EGFR_rnaseq,CDC7_rnaseq,CD1C_rnaseq,ZHX1_cnv,CCL18_rnaseq
,EIF4A2_rnaseq,CDK1_rnaseq,CD1D_rnaseq,ZHX2_cnv,CCL19_rnaseq
,ELF4_rnaseq,CDK10_rnaseq,CD1E_rnaseq,ZNF124_cnv,CCL2_rnaseq
,ELK4_rnaseq,CDK11A_rnaseq,CD2_rnaseq,ZNF131_cnv,CCL20_rnaseq
,ELL_rnaseq,CDK12_rnaseq,CD200_rnaseq,ZNF16_cnv,CCL21_rnaseq
,ELN_rnaseq,CDK13_rnaseq,CD207_rnaseq,ZNF217_cnv,CCL22_rnaseq
,EML4_rnaseq,CDK14_rnaseq,CD209_rnaseq,ZNF250_cnv,CCL23_rnaseq
,EPS15_rnaseq,CDK15_rnaseq,CD22_rnaseq,ZNF251_cnv,CCL24_rnaseq
,ERBB2_rnaseq,CDK16_rnaseq,CD226_rnaseq,ZNF281_cnv,CCL25_rnaseq
,ERC1_rnaseq,CDK17_rnaseq,CD244_rnaseq,ZNF30_cnv,CCL26_rnaseq
,ERG_rnaseq,CDK18_rnaseq,CD247_rnaseq,ZNF395_cnv,CCL27_rnaseq
,ETV1_rnaseq,CDK19_rnaseq,CD248_rnaseq,ZNF669_cnv,CCL28_rnaseq
,ETV4_rnaseq,CDK2_rnaseq,CD27_rnaseq,ZNF672_cnv,CCL3_rnaseq
,ETV5_rnaseq,CDK20_rnaseq,CD274_rnaseq,ZNF692_cnv,CCL3L1_rnaseq
,ETV6_rnaseq,CDK3_rnaseq,CD276_rnaseq,ZNF696_cnv,CCL3L3_rnaseq
,EWSR1_rnaseq,CDK4_rnaseq,CD28_rnaseq,ZNF7_cnv,CCL4_rnaseq
,FCGR2B_rnaseq,CDK5_rnaseq,CD300A_rnaseq,ZNF706_cnv,CCL5_rnaseq
,FCRL4_rnaseq,CDK6_rnaseq,CD300C_rnaseq,ZNF831_cnv,CCL7_rnaseq
,FGFR1_rnaseq,CDK7_rnaseq,CD302_rnaseq,AATF_rnaseq,CCL8_rnaseq
,FGFR2_rnaseq,CDK8_rnaseq,CD320_rnaseq,ABT1_rnaseq,CD320_rnaseq
,FGFR3_rnaseq,CDK9_rnaseq,CD33_rnaseq,ACVR2A_rnaseq,CD40LG_rnaseq
,FIP1L1_rnaseq,CDKL1_rnaseq,CD34_rnaseq,ADNP_rnaseq,CD70_rnaseq
,FLI1_rnaseq,CDKL2_rnaseq,CD36_rnaseq,ADNP2_rnaseq,CDNF_rnaseq
,FLT3_rnaseq,CDKL3_rnaseq,CD37_rnaseq,ADPGK_rnaseq,CER1_rnaseq
,FNBP1_rnaseq,CDKL4_rnaseq,CD38_rnaseq,AFF1_rnaseq,CGA_rnaseq
,FOXL2_rnaseq,CDKL5_rnaseq,CD3D_rnaseq,AFF2_rnaseq,CGB1_rnaseq
,FOXO1_rnaseq,CHEK1_rnaseq,CD3E_rnaseq,AFF3_rnaseq,CGB2_rnaseq
,FOXO3_rnaseq,CHEK2_rnaseq,CD3G_rnaseq,AFF4_rnaseq,CGB5_rnaseq
,FOXO4_rnaseq,CHUK_rnaseq,CD4_rnaseq,AHR_rnaseq,CGB7_rnaseq
,FOXP1_rnaseq,CIT_rnaseq,CD40_rnaseq,AIRE_rnaseq,CGB8_rnaseq
,FSTL3_rnaseq,CLK1_rnaseq,CD40LG_rnaseq,ALX1_rnaseq,CHGA_rnaseq
,FUS_rnaseq,CLK2_rnaseq,CD44_rnaseq,ALX3_rnaseq,CHGB_rnaseq
,GAS7_rnaseq,CLK3_rnaseq,CD46_rnaseq,ALX4_rnaseq,CKLF_rnaseq
,GATA1_rnaseq,CLK4_rnaseq,CD47_rnaseq,ALYREF_rnaseq,CLCF1_rnaseq
,GATA2_rnaseq,CLUL1_rnaseq,CD48_rnaseq,ANP32A_rnaseq,CLEC11A_rnaseq
,GMPS_rnaseq,CSF1R_rnaseq,CD5_rnaseq,AR_rnaseq,CMA1_rnaseq
,GNAQ_rnaseq,CSK_rnaseq,CD52_rnaseq,ARC_rnaseq,CMTM1_rnaseq
,GNAS_rnaseq,CSNK1A1_rnaseq,CD53_rnaseq,ARFGAP2_rnaseq,CMTM2_rnaseq
,GOLGA5_rnaseq,CSNK1A1L_rnaseq,CD55_rnaseq,ARGFX_rnaseq,CMTM3_rnaseq
,GOPC_rnaseq,CSNK1D_rnaseq,CD58_rnaseq,ARHGAP35_rnaseq,CMTM4_rnaseq
,HERPUD1_rnaseq,CSNK1E_rnaseq,CD59_rnaseq,ARID1B_rnaseq,CMTM5_rnaseq
,HIP1_rnaseq,CSNK1G1_rnaseq,CD5L_rnaseq,ARID3A_rnaseq,CMTM6_rnaseq
,HLF_rnaseq,CSNK1G2_rnaseq,CD6_rnaseq,ARID3B_rnaseq,CMTM7_rnaseq
,HMGA1_rnaseq,CSNK1G3_rnaseq,CD63_rnaseq,ARID5A_rnaseq,CMTM8_rnaseq
,HMGA2_rnaseq,CSNK2A1_rnaseq,CD68_rnaseq,ARID5B_rnaseq,CNTF_rnaseq
,HMGN2P46_rnaseq,CSNK2A2_rnaseq,CD69_rnaseq,ARIH2_rnaseq,CORT_rnaseq
,HNRNPA2B1_rnaseq,DAPK1_rnaseq,CD7_rnaseq,ARNT_rnaseq,CRH_rnaseq
,HOOK3_rnaseq,DAPK2_rnaseq,CD70_rnaseq,ARNT2_rnaseq,CSF1_rnaseq
,HOXA11_rnaseq,DAPK3_rnaseq,CD72_rnaseq,ARNTL_rnaseq,CSF2_rnaseq
,HOXA13_rnaseq,DCLK1_rnaseq,CD74_rnaseq,ASCL1_rnaseq,CSF3_rnaseq
,HOXA9_rnaseq,DCLK2_rnaseq,CD79A_rnaseq,ASCL2_rnaseq,CSH1_rnaseq
,HOXC11_rnaseq,DCLK3_rnaseq,CD79B_rnaseq,ASCL3_rnaseq,CSH2_rnaseq
,HOXC13_rnaseq,DDR1_rnaseq,CD81_rnaseq,ASH1L_rnaseq,CSPG5_rnaseq
,HOXD11_rnaseq,DDR2_rnaseq,CD83_rnaseq,ASH2L_rnaseq,CTF1_rnaseq
,HOXD13_rnaseq,DMPK_rnaseq,CD84_rnaseq,ATF1_rnaseq,CTSG_rnaseq
,HRAS_rnaseq,DSTYK_rnaseq,CD86_rnaseq,ATF2_rnaseq,CX3CL1_rnaseq
,HSP90AA1_rnaseq,DYRK1A_rnaseq,CD8A_rnaseq,ATF3_rnaseq,CXCL1_rnaseq
,HSP90AB1_rnaseq,DYRK1B_rnaseq,CD8B_rnaseq,ATF4_rnaseq,CXCL10_rnaseq
,IDH1_rnaseq,DYRK2_rnaseq,CD9_rnaseq,ATF5_rnaseq,CXCL11_rnaseq
,IDH2_rnaseq,DYRK3_rnaseq,CD93_rnaseq,ATF6_rnaseq,CXCL12_rnaseq
,IKZF1_rnaseq,DYRK4_rnaseq,CD96_rnaseq,ATF6B_rnaseq,CXCL13_rnaseq
,IL2_rnaseq,EEF2K_rnaseq,CDCP1_rnaseq,ATF7_rnaseq,CXCL14_rnaseq
,IL21R_rnaseq,EGFR_rnaseq,CDH1_rnaseq,ATF7IP_rnaseq,CXCL16_rnaseq
,IL6ST_rnaseq,EIF2AK1_rnaseq,CDH2_rnaseq,ATG4B_rnaseq,CXCL17_rnaseq
,IRF4_rnaseq,EIF2AK2_rnaseq,CDH5_rnaseq,ATN1_rnaseq,CXCL2_rnaseq
,ITK_rnaseq,EIF2AK3_rnaseq,CEACAM1_rnaseq,ATOH1_rnaseq,CXCL3_rnaseq
,JAK1_rnaseq,EIF2AK4_rnaseq,CEACAM3_rnaseq,ATOH7_rnaseq,CXCL5_rnaseq
,JAK2_rnaseq,EPHA1_rnaseq,CEACAM5_rnaseq,ATRX_rnaseq,CXCL6_rnaseq
,JAK3_rnaseq,EPHA10_rnaseq,CEACAM6_rnaseq,ATXN2_rnaseq,CXCL8_rnaseq
,JUN_rnaseq,EPHA2_rnaseq,CEACAM8_rnaseq,BACH1_rnaseq,CXCL9_rnaseq
,KAT6A_rnaseq,EPHA3_rnaseq,CLEC10A_rnaseq,BACH2_rnaseq,DEFA5_rnaseq
,KAT6B_rnaseq,EPHA4_rnaseq,CLEC4C_rnaseq,BANP_rnaseq,DEFB1_rnaseq
,KDM5A_rnaseq,EPHA5_rnaseq,CLEC4M_rnaseq,BARHL1_rnaseq,DEFB4A_rnaseq
,KDR_rnaseq,EPHA6_rnaseq,CR1_rnaseq,BARHL2_rnaseq,DKK1_rnaseq
,KDSR_rnaseq,EPHA7_rnaseq,CR2_rnaseq,BARX1_rnaseq,EBI3_rnaseq
,KIAA1549_rnaseq,EPHA8_rnaseq,CSF1R_rnaseq,BARX2_rnaseq,EDN1_rnaseq
,KIT_rnaseq,EPHB1_rnaseq,CSF2RB_rnaseq,BATF_rnaseq,EDN2_rnaseq
,KLK2_rnaseq,EPHB2_rnaseq,CSF3R_rnaseq,BATF3_rnaseq,EDN3_rnaseq
,KMT2A_rnaseq,EPHB3_rnaseq,CTLA4_rnaseq,BAZ1A_rnaseq,EGF_rnaseq
,KRAS_rnaseq,EPHB4_rnaseq,CXCR1_rnaseq,BAZ1B_rnaseq,ENDOU_rnaseq
,KTN1_rnaseq,EPHB6_rnaseq,CXCR2_rnaseq,BAZ2A_rnaseq,EPGN_rnaseq
,LASP1_rnaseq,ERBB2_rnaseq,CXCR4_rnaseq,BAZ2B_rnaseq,EPO_rnaseq
,LCK_rnaseq,ERBB3_rnaseq,CXCR5_rnaseq,BCL11A_rnaseq,EREG_rnaseq
,LCP1_rnaseq,ERBB4_rnaseq,CXCR6_rnaseq,BCL11B_rnaseq,ESM1_rnaseq
,LIFR_rnaseq,ERN1_rnaseq,DDR1_rnaseq,BCL3_rnaseq,FAM3B_rnaseq
,LMO1_rnaseq,ERN2_rnaseq,DDR2_rnaseq,BCL6_rnaseq,FAM3C_rnaseq
,LMO2_rnaseq,FASTK_rnaseq,DPP4_rnaseq,BCLAF1_rnaseq,FAM3D_rnaseq
,LPP_rnaseq,FER_rnaseq,ENG_rnaseq,BHLHE22_rnaseq,FASLG_rnaseq
,LYL1_rnaseq,FES_rnaseq,ENPEP_rnaseq,BHLHE40_rnaseq,FGF1_rnaseq
,MAF_rnaseq,FGFR1_rnaseq,ENPP3_rnaseq,BHLHE41_rnaseq,FGF10_rnaseq
,MAFB_rnaseq,FGFR2_rnaseq,ENTPD1_rnaseq,BLOC1S1_rnaseq,FGF11_rnaseq
,MALAT1_rnaseq,FGFR3_rnaseq,EPCAM_rnaseq,BLZF1_rnaseq,FGF12_rnaseq
,MALT1_rnaseq,FGFR4_rnaseq,ERBB2_rnaseq,BMI1_rnaseq,FGF13_rnaseq
,MAML2_rnaseq,FGR_rnaseq,F11R_rnaseq,BNC1_rnaseq,FGF14_rnaseq
,MDM2_rnaseq,FLT1_rnaseq,F3_rnaseq,BNC2_rnaseq,FGF16_rnaseq
,MDM4_rnaseq,FLT3_rnaseq,FAS_rnaseq,BPTF_rnaseq,FGF17_rnaseq
,MDS2_rnaseq,FLT4_rnaseq,FASLG_rnaseq,BRD1_rnaseq,FGF18_rnaseq
,MECOM_rnaseq,FRK_rnaseq,FCAR_rnaseq,BRD2_rnaseq,FGF19_rnaseq
,MET_rnaseq,FYN_rnaseq,FCER2_rnaseq,BRD3_rnaseq,FGF2_rnaseq
,MITF_rnaseq,GAK_rnaseq,FCGR1A_rnaseq,BRD4_rnaseq,FGF20_rnaseq
,MLF1_rnaseq,GRK1_rnaseq,FCGR2A_rnaseq,BRD7_rnaseq,FGF21_rnaseq
,MLLT1_rnaseq,GRK4_rnaseq,FCGR2B_rnaseq,BRDT_rnaseq,FGF22_rnaseq
,MLLT10_rnaseq,GRK5_rnaseq,FCGR2C_rnaseq,BRF1_rnaseq,FGF3_rnaseq
,MLLT11_rnaseq,GRK6_rnaseq,FCGR3A_rnaseq,BRPF1_rnaseq,FGF4_rnaseq
,MLLT3_rnaseq,GRK7_rnaseq,FCRL5_rnaseq,BRPF3_rnaseq,FGF5_rnaseq
,MLLT6_rnaseq,GSK3A_rnaseq,FGFR1_rnaseq,BSX_rnaseq,FGF6_rnaseq
,MN1_rnaseq,GSK3B_rnaseq,FGFR2_rnaseq,BTAF1_rnaseq,FGF7_rnaseq
,MNX1_rnaseq,GUCY2C_rnaseq,FGFR3_rnaseq,BTBD3_rnaseq,FGF8_rnaseq
,MPL_rnaseq,GUCY2D_rnaseq,FGFR4_rnaseq,BTF3_rnaseq,FGF9_rnaseq
,MSI2_rnaseq,GUCY2F_rnaseq,FLT3_rnaseq,CAND1_rnaseq,FLT3LG_rnaseq
,MSN_rnaseq,HCK_rnaseq,FUT3_rnaseq,CASK_rnaseq,FSHB_rnaseq
,MTCP1_rnaseq,HIPK1_rnaseq,FUT4_rnaseq,CASZ1_rnaseq,GALP_rnaseq
,MUC1_rnaseq,HIPK3_rnaseq,FZD10_rnaseq,CBFA2T3_rnaseq,GAST_rnaseq
,MYB_rnaseq,HIPK4_rnaseq,FZD4_rnaseq,CBX1_rnaseq,GCG_rnaseq
,MYCL_rnaseq,HSPB8_rnaseq,FZD9_rnaseq,CBX2_rnaseq,GDF1_rnaseq
,MYCN_rnaseq,HUNK_rnaseq,GGT1_rnaseq,CBX3_rnaseq,GDF10_rnaseq
,MYH11_rnaseq,IGF1R_rnaseq,GP1BA_rnaseq,CBX4_rnaseq,GDF15_rnaseq
,MYH9_rnaseq,IKBKB_rnaseq,GP5_rnaseq,CBX5_rnaseq,GDF2_rnaseq
,NACA_rnaseq,IKBKE_rnaseq,GP9_rnaseq,CBX6_rnaseq,GDF3_rnaseq
,NCKIPSD_rnaseq,ILK_rnaseq,GYPA_rnaseq,CBX7_rnaseq,GDF6_rnaseq
,NCOA1_rnaseq,IMPG1_rnaseq,GYPB_rnaseq,CBX8_rnaseq,GDF9_rnaseq
,NCOA2_rnaseq,INSR_rnaseq,GYPC_rnaseq,CCT4_rnaseq,GDNF_rnaseq
,NCOA4_rnaseq,INSRR_rnaseq,HMMR_rnaseq,CDK7_rnaseq,GH1_rnaseq
,NFIB_rnaseq,IRAK1_rnaseq,ICAM1_rnaseq,CDK8_rnaseq,GH2_rnaseq
,NFKB2_rnaseq,IRAK2_rnaseq,ICAM2_rnaseq,CDR2_rnaseq,GHRH_rnaseq
,NIN_rnaseq,IRAK3_rnaseq,ICAM3_rnaseq,CDX1_rnaseq,GHRL_rnaseq
,NONO_rnaseq,IRAK4_rnaseq,ICAM4_rnaseq,CDX2_rnaseq,GIP_rnaseq
,NOTCH1_rnaseq,ITK_rnaseq,ICOS_rnaseq,CEBPA_rnaseq,GKN1_rnaseq
,NOTCH2_rnaseq,KALRN_rnaseq,ICOSLG_rnaseq,CEBPB_rnaseq,GMFB_rnaseq
,NPM1_rnaseq,KDR_rnaseq,IFITM1_rnaseq,CEBPD_rnaseq,GMFG_rnaseq
,NR4A3_rnaseq,KIT_rnaseq,IFNGR1_rnaseq,CEBPE_rnaseq,GNRH1_rnaseq
,NRAS_rnaseq,KSR1_rnaseq,IGF1R_rnaseq,CEBPG_rnaseq,GNRH2_rnaseq
,NSD1_rnaseq,KSR2_rnaseq,IGF2R_rnaseq,CEBPZ_rnaseq,GPHA2_rnaseq
,NTRK1_rnaseq,LATS1_rnaseq,IGLL1_rnaseq,CELF3_rnaseq,GPHB5_rnaseq
,NTRK3_rnaseq,LATS2_rnaseq,IGSF8_rnaseq,CERS2_rnaseq,GPI_rnaseq
,NUMA1_rnaseq,LCK_rnaseq,IL10RA_rnaseq,CERS3_rnaseq,GREM1_rnaseq
,NUP214_rnaseq,LIMK1_rnaseq,IL10RB_rnaseq,CERS4_rnaseq,GREM2_rnaseq
,NUP98_rnaseq,LIMK2_rnaseq,IL12RB1_rnaseq,CERS5_rnaseq,GRN_rnaseq
,NUTM1_rnaseq,LMTK2_rnaseq,IL13RA1_rnaseq,CERS6_rnaseq,GRP_rnaseq
,OLIG2_rnaseq,LMTK3_rnaseq,IL13RA2_rnaseq,CFAP20_rnaseq,GUCA2A_rnaseq
,OMD_rnaseq,LRRK1_rnaseq,IL17RA_rnaseq,CHD1_rnaseq,HAMP_rnaseq
,PAFAH1B2_rnaseq,LRRK2_rnaseq,IL18R1_rnaseq,CHD1L_rnaseq,HBEGF_rnaseq
,PATZ1_rnaseq,LTK_rnaseq,IL18RAP_rnaseq,CHD2_rnaseq,HDGF_rnaseq
,PAX3_rnaseq,LYN_rnaseq,IL1R1_rnaseq,CHD3_rnaseq,HGF_rnaseq
,PAX5_rnaseq,MAK_rnaseq,IL1R2_rnaseq,CHD4_rnaseq,HTN3_rnaseq
,PAX7_rnaseq,MAP2K1_rnaseq,IL2RA_rnaseq,CHD5_rnaseq,IAPP_rnaseq
,PAX8_rnaseq,MAP2K2_rnaseq,IL2RB_rnaseq,CHD6_rnaseq,IFNA1_rnaseq
,PBX1_rnaseq,MAP2K3_rnaseq,IL2RG_rnaseq,CHMP3_rnaseq,IFNA10_rnaseq
,PCM1_rnaseq,MAP2K4_rnaseq,IL4R_rnaseq,CIAO1_rnaseq,IFNA13_rnaseq
,PCSK7_rnaseq,MAP2K5_rnaseq,IL5RA_rnaseq,CIC_rnaseq,IFNA14_rnaseq
,PDE4DIP_rnaseq,MAP2K6_rnaseq,IL6R_rnaseq,CIITA_rnaseq,IFNA16_rnaseq
,PDGFB_rnaseq,MAP2K7_rnaseq,IL6ST_rnaseq,CIR1_rnaseq,IFNA17_rnaseq
,PDGFRA_rnaseq,MAP3K1_rnaseq,IL7R_rnaseq,CITED1_rnaseq,IFNA2_rnaseq
,PDGFRB_rnaseq,MAP3K10_rnaseq,INSR_rnaseq,CITED2_rnaseq,IFNA21_rnaseq
,PER1_rnaseq,MAP3K11_rnaseq,ITGA1_rnaseq,CLOCK_rnaseq,IFNA4_rnaseq
,PICALM_rnaseq,MAP3K12_rnaseq,ITGA2_rnaseq,CNBP_rnaseq,IFNA5_rnaseq
,PIK3CA_rnaseq,MAP3K13_rnaseq,ITGA2B_rnaseq,CNOT3_rnaseq,IFNA7_rnaseq
,PIM1_rnaseq,MAP3K14_rnaseq,ITGA3_rnaseq,CNOT4_rnaseq,IFNA8_rnaseq
,PLAG1_rnaseq,MAP3K15_rnaseq,ITGA4_rnaseq,CNOT8_rnaseq,IFNB1_rnaseq
,PML_rnaseq,MAP3K19_rnaseq,ITGA5_rnaseq,CNPY3_rnaseq,IFNE_rnaseq
,POU2AF1_rnaseq,MAP3K2_rnaseq,ITGA6_rnaseq,COPS2_rnaseq,IFNG_rnaseq
,POU5F1_rnaseq,MAP3K3_rnaseq,ITGAD_rnaseq,COPS5_rnaseq,IFNK_rnaseq
,PPARG_rnaseq,MAP3K4_rnaseq,ITGAE_rnaseq,CORO1A_rnaseq,IFNL1_rnaseq
,PRCC_rnaseq,MAP3K5_rnaseq,ITGAL_rnaseq,CREB1_rnaseq,IFNL2_rnaseq
,PRDM16_rnaseq,MAP3K6_rnaseq,ITGAM_rnaseq,CREB3_rnaseq,IFNL3_rnaseq
,PRRX1_rnaseq,MAP3K7_rnaseq,ITGAV_rnaseq,CREB3L1_rnaseq,IFNW1_rnaseq
,PTPN11_rnaseq,MAP3K8_rnaseq,ITGAX_rnaseq,CREB5_rnaseq,IGF1_rnaseq
,RABEP1_rnaseq,MAP3K9_rnaseq,ITGB1_rnaseq,CREBBP_rnaseq,IGF2_rnaseq
,RAD51B_rnaseq,MAP4K1_rnaseq,ITGB2_rnaseq,CREBL2_rnaseq,IL10_rnaseq
,RAF1_rnaseq,MAP4K2_rnaseq,ITGB3_rnaseq,CREBZF_rnaseq,IL11_rnaseq
,RANBP17_rnaseq,MAP4K3_rnaseq,ITGB4_rnaseq,CREG1_rnaseq,IL12A_rnaseq
,RAP1GDS1_rnaseq,MAP4K4_rnaseq,JAG1_rnaseq,CREM_rnaseq,IL12B_rnaseq
,RARA_rnaseq,MAP4K5_rnaseq,JAM2_rnaseq,CRIP1_rnaseq,IL13_rnaseq
,RBM15_rnaseq,MAPK1_rnaseq,KDR_rnaseq,CRIP2_rnaseq,IL15_rnaseq
,REL_rnaseq,MAPK10_rnaseq,KEL_rnaseq,CRX_rnaseq,IL16_rnaseq
,RET_rnaseq,MAPK11_rnaseq,KIR2DL1_rnaseq,CSRP1_rnaseq,IL17A_rnaseq
,RHOH_rnaseq,MAPK12_rnaseq,KIR2DL3_rnaseq,CSRP2_rnaseq,IL17B_rnaseq
,RNF213_rnaseq,MAPK13_rnaseq,KIR2DL4_rnaseq,CSRP3_rnaseq,IL17C_rnaseq
,ROS1_rnaseq,MAPK14_rnaseq,KIR2DS4_rnaseq,CTCF_rnaseq,IL17D_rnaseq
,RPL22_rnaseq,MAPK15_rnaseq,KIR3DL1_rnaseq,CTNNB1_rnaseq,IL17F_rnaseq
,RPN1_rnaseq,MAPK3_rnaseq,KIR3DL2_rnaseq,CUX1_rnaseq,IL18_rnaseq
,RUNX1_rnaseq,MAPK4_rnaseq,KIT_rnaseq,CUX2_rnaseq,IL19_rnaseq
,RUNX1T1_rnaseq,MAPK6_rnaseq,KLRB1_rnaseq,DACH1_rnaseq,IL1A_rnaseq
,SET_rnaseq,MAPK7_rnaseq,KLRC1_rnaseq,DBP_rnaseq,IL1B_rnaseq
,SH3GL1_rnaseq,MAPK8_rnaseq,KLRC2_rnaseq,DBX1_rnaseq,IL1F10_rnaseq
,SLC45A3_rnaseq,MAPK9_rnaseq,KLRD1_rnaseq,DBX2_rnaseq,IL1RN_rnaseq
,SMO_rnaseq,MAPKAPK2_rnaseq,KLRK1_rnaseq,DCP1A_rnaseq,IL2_rnaseq
,SPECC1_rnaseq,MAPKAPK3_rnaseq,L1CAM_rnaseq,DDIT3_rnaseq,IL20_rnaseq
,SRGAP3_rnaseq,MAPKAPK5_rnaseq,LAG3_rnaseq,DEAF1_rnaseq,IL21_rnaseq
,SRSF3_rnaseq,MARK1_rnaseq,LAIR1_rnaseq,DENND4A_rnaseq,IL22_rnaseq
,SS18_rnaseq,MARK2_rnaseq,LAIR2_rnaseq,DEPDC7_rnaseq,IL23A_rnaseq
,SS18L1_rnaseq,MARK3_rnaseq,LAMP1_rnaseq,DIDO1_rnaseq,IL24_rnaseq
,SSX1_rnaseq,MARK4_rnaseq,LAMP2_rnaseq,DLX1_rnaseq,IL25_rnaseq
,SSX2_rnaseq,MAST1_rnaseq,LAMP3_rnaseq,DLX2_rnaseq,IL26_rnaseq
,SSX4_rnaseq,MAST2_rnaseq,LEPR_rnaseq,DLX3_rnaseq,IL27_rnaseq
,STIL_rnaseq,MAST3_rnaseq,LIFR_rnaseq,DLX4_rnaseq,IL3_rnaseq
,SUZ12_rnaseq,MAST4_rnaseq,LILRA1_rnaseq,DLX5_rnaseq,IL31_rnaseq
,SYK_rnaseq,MASTL_rnaseq,LILRA2_rnaseq,DMBX1_rnaseq,IL32_rnaseq
,TAF15_rnaseq,MATK_rnaseq,LILRA3_rnaseq,DMRT1_rnaseq,IL33_rnaseq
,TAL1_rnaseq,MELK_rnaseq,LILRA4_rnaseq,DMRT2_rnaseq,IL34_rnaseq
,TAL2_rnaseq,MERTK_rnaseq,LILRA5_rnaseq,DMRTA2_rnaseq,IL36A_rnaseq
,TCEA1_rnaseq,MET_rnaseq,LILRA6_rnaseq,DMRTC1_rnaseq,IL36B_rnaseq
,TCF12_rnaseq,MINK1_rnaseq,LILRB1_rnaseq,DMTF1_rnaseq,IL36G_rnaseq
,TCF3_rnaseq,MKNK1_rnaseq,LILRB2_rnaseq,DPF1_rnaseq,IL36RN_rnaseq
,TCL1A_rnaseq,MKNK2_rnaseq,LILRB3_rnaseq,DPF2_rnaseq,IL37_rnaseq
,TCL6_rnaseq,MLKL_rnaseq,LILRB4_rnaseq,DPF3_rnaseq,IL4_rnaseq
,TET1_rnaseq,MOK_rnaseq,LILRB5_rnaseq,DPRX_rnaseq,IL5_rnaseq
,TFE3_rnaseq,MOS_rnaseq,LRP1_rnaseq,DR1_rnaseq,IL6_rnaseq
,TFEB_rnaseq,MST1R_rnaseq,LY75_rnaseq,DRAP1_rnaseq,IL6ST_rnaseq
,TFG_rnaseq,MTOR_rnaseq,LY9_rnaseq,DRGX_rnaseq,IL7_rnaseq
,TFPT_rnaseq,MUSK_rnaseq,MCAM_rnaseq,DTX2_rnaseq,IL9_rnaseq
,TFRC_rnaseq,MYLK_rnaseq,MME_rnaseq,DUXA_rnaseq,INHA_rnaseq
,THRAP3_rnaseq,MYLK2_rnaseq,MPL_rnaseq,E2F1_rnaseq,INHBA_rnaseq
,TLX1_rnaseq,MYLK3_rnaseq,MRC1_rnaseq,E2F2_rnaseq,INHBB_rnaseq
,TLX3_rnaseq,MYLK4_rnaseq,MRC2_rnaseq,E2F3_rnaseq,INHBC_rnaseq
,TMPRSS2_rnaseq,MYO3A_rnaseq,MS4A1_rnaseq,E2F4_rnaseq,INHBE_rnaseq
,TNFRSF17_rnaseq,MYO3B_rnaseq,MSR1_rnaseq,E2F5_rnaseq,INS_rnaseq
,TOP1_rnaseq,NEK1_rnaseq,MST1R_rnaseq,E2F6_rnaseq,INSL3_rnaseq
,TPM3_rnaseq,NEK10_rnaseq,MUC1_rnaseq,E4F1_rnaseq,INSL4_rnaseq
,TPM4_rnaseq,NEK11_rnaseq,NCAM1_rnaseq,EBF1_rnaseq,INSL5_rnaseq
,TPR_rnaseq,NEK2_rnaseq,NCR1_rnaseq,EBF4_rnaseq,INSL6_rnaseq
,TRIM24_rnaseq,NEK3_rnaseq,NCR2_rnaseq,ECD_rnaseq,JAG1_rnaseq
,TRIM27_rnaseq,NEK4_rnaseq,NCR3_rnaseq,EED_rnaseq,JAG2_rnaseq
,TRIM33_rnaseq,NEK5_rnaseq,NGFR_rnaseq,EGLN2_rnaseq,KITLG_rnaseq
,TRIP11_rnaseq,NEK6_rnaseq,NRP1_rnaseq,EGR1_rnaseq,KL_rnaseq
,TSHR_rnaseq,NEK7_rnaseq,NT5E_rnaseq,EGR2_rnaseq,LACRT_rnaseq
,TTL_rnaseq,NEK8_rnaseq,PDCD1_rnaseq,EGR3_rnaseq,LECT2_rnaseq
,USP6_rnaseq,NEK9_rnaseq,PDCD1LG2_rnaseq,EGR4_rnaseq,LEFTY1_rnaseq
,ZBTB16_rnaseq,NIM1K_rnaseq,PDGFRA_rnaseq,EHF_rnaseq,LEFTY2_rnaseq
,ZMYM2_rnaseq,NLK_rnaseq,PDGFRB_rnaseq,ELF1_rnaseq,LEP_rnaseq
,ZNF331_rnaseq,NPR1_rnaseq,PLAUR_rnaseq,ELF2_rnaseq,LHB_rnaseq
,ZNF384_rnaseq,NPR2_rnaseq,PLXNC1_rnaseq,ELF3_rnaseq,LIF_rnaseq
,ZNF521_rnaseq,NRBP1_rnaseq,PRNP_rnaseq,ELF4_rnaseq,LRSAM1_rnaseq
,,NRBP2_rnaseq,PROCR_rnaseq,ELF5_rnaseq,LTA_rnaseq
,,NRK_rnaseq,PROM1_rnaseq,ELK1_rnaseq,LTB_rnaseq
,,NTRK1_rnaseq,PSG1_rnaseq,ELK3_rnaseq,LTBP1_rnaseq
,,NTRK2_rnaseq,PTGDR2_rnaseq,ELK4_rnaseq,LTBP2_rnaseq
,,NTRK3_rnaseq,PTGFRN_rnaseq,EMX1_rnaseq,LTBP3_rnaseq
,,NUAK1_rnaseq,PTPRC_rnaseq,EMX2_rnaseq,LTBP4_rnaseq
,,NUAK2_rnaseq,PTPRJ_rnaseq,EN1_rnaseq,MANF_rnaseq
,,NUMBL_rnaseq,PVR_rnaseq,EN2_rnaseq,MDK_rnaseq
,,OBSCN_rnaseq,RHAG_rnaseq,ENO1_rnaseq,MIA_rnaseq
,,OXSR1_rnaseq,RHCE_rnaseq,EOMES_rnaseq,MIF_rnaseq
,,PAK1_rnaseq,RHD_rnaseq,EP300_rnaseq,MLN_rnaseq
,,PAK2_rnaseq,SDC1_rnaseq,EP400_rnaseq,MSTN_rnaseq
,,PAK3_rnaseq,SEC23B_rnaseq,EPAS1_rnaseq,MYDGF_rnaseq
,,PAK4_rnaseq,SELE_rnaseq,ERCC2_rnaseq,NAMPT_rnaseq
,,PAK6_rnaseq,SELL_rnaseq,ERCC3_rnaseq,NDP_rnaseq
,,PASK_rnaseq,SELP_rnaseq,ERCC6_rnaseq,NENF_rnaseq
,,PBK_rnaseq,SELPLG_rnaseq,ERF_rnaseq,NGF_rnaseq
,,PDGFRA_rnaseq,SEMA4D_rnaseq,ERG_rnaseq,NMB_rnaseq
,,PDGFRB_rnaseq,SEMA7A_rnaseq,ERGIC2_rnaseq,NODAL_rnaseq
,,PDIK1L_rnaseq,SIGLEC1_rnaseq,ERMP1_rnaseq,NPFF_rnaseq
,,PDK1_rnaseq,SIGLEC5_rnaseq,ESR1_rnaseq,NPPA_rnaseq
,,PDK2_rnaseq,SIGLEC6_rnaseq,ESR2_rnaseq,NPPB_rnaseq
,,PDK3_rnaseq,SIGLEC7_rnaseq,ESRRA_rnaseq,NPPC_rnaseq
,,PDK4_rnaseq,SIGLEC9_rnaseq,ESRRB_rnaseq,NPY_rnaseq
,,PDPK1_rnaseq,SIRPA_rnaseq,ESRRG_rnaseq,NRG1_rnaseq
,,PEAK1_rnaseq,SIRPB1_rnaseq,ESX1_rnaseq,NRG2_rnaseq
,,PHKG1_rnaseq,SIRPG_rnaseq,ETS1_rnaseq,NRG3_rnaseq
,,PHKG2_rnaseq,SLAMF1_rnaseq,ETS2_rnaseq,NRG4_rnaseq
,,PIK3R4_rnaseq,SLAMF7_rnaseq,ETV1_rnaseq,NRTN_rnaseq
,,PIM1_rnaseq,SLC3A2_rnaseq,ETV2_rnaseq,NTF3_rnaseq
,,PIM2_rnaseq,SLC44A1_rnaseq,ETV3_rnaseq,NTF4_rnaseq
,,PIM3_rnaseq,SLC4A1_rnaseq,ETV4_rnaseq,NTS_rnaseq
,,PINK1_rnaseq,SPN_rnaseq,ETV5_rnaseq,NUDT6_rnaseq
,,PKDCC_rnaseq,TEK_rnaseq,ETV6_rnaseq,OGN_rnaseq
,,PKMYT1_rnaseq,TFRC_rnaseq,ETV7_rnaseq,OSGIN1_rnaseq
,,PKN1_rnaseq,THBD_rnaseq,EVX1_rnaseq,OSM_rnaseq
,,PKN2_rnaseq,THY1_rnaseq,EYA1_rnaseq,OSTN_rnaseq
,,PKN3_rnaseq,TLR1_rnaseq,EYA2_rnaseq,OXT_rnaseq
,,PLK1_rnaseq,TLR10_rnaseq,EYA3_rnaseq,PDGFA_rnaseq
,,PLK2_rnaseq,TLR2_rnaseq,EYA4_rnaseq,PDGFB_rnaseq
,,PLK3_rnaseq,TLR3_rnaseq,EZH1_rnaseq,PDGFC_rnaseq
,,PLK4_rnaseq,TLR4_rnaseq,EZH2_rnaseq,PDGFD_rnaseq
,,PNCK_rnaseq,TLR6_rnaseq,FAM189B_rnaseq,PDGFRA_rnaseq
,,PRKAA1_rnaseq,TLR8_rnaseq,FAM20C_rnaseq,PDGFRB_rnaseq
,,PRKAA2_rnaseq,TLR9_rnaseq,FEM1A_rnaseq,PDGFRL_rnaseq
,,PRKACA_rnaseq,TNFRSF10A_rnaseq,FEZF2_rnaseq,PDYN_rnaseq
,,PRKACB_rnaseq,TNFRSF10B_rnaseq,FHL1_rnaseq,PENK_rnaseq
,,PRKACG_rnaseq,TNFRSF10C_rnaseq,FHL2_rnaseq,PF4_rnaseq
,,PRKCA_rnaseq,TNFRSF10D_rnaseq,FHL5_rnaseq,PF4V1_rnaseq
,,PRKCB_rnaseq,TNFRSF11A_rnaseq,FLI1_rnaseq,PGF_rnaseq
,,PRKCD_rnaseq,TNFRSF12A_rnaseq,FOS_rnaseq,PLAU_rnaseq
,,PRKCE_rnaseq,TNFRSF13B_rnaseq,FOSB_rnaseq,PMCH_rnaseq
,,PRKCG_rnaseq,TNFRSF13C_rnaseq,FOSL1_rnaseq,PNOC_rnaseq
,,PRKCH_rnaseq,TNFRSF17_rnaseq,FOSL2_rnaseq,POMC_rnaseq
,,PRKCI_rnaseq,TNFRSF1A_rnaseq,FOXA1_rnaseq,PPBP_rnaseq
,,PRKCQ_rnaseq,TNFRSF1B_rnaseq,FOXA2_rnaseq,PPBPP2_rnaseq
,,PRKCZ_rnaseq,TNFRSF4_rnaseq,FOXA3_rnaseq,PPY_rnaseq
,,PRKD1_rnaseq,TNFRSF8_rnaseq,FOXB1_rnaseq,PRL_rnaseq
,,PRKD2_rnaseq,TNFRSF9_rnaseq,FOXC1_rnaseq,PRLH_rnaseq
,,PRKD3_rnaseq,TNFSF10_rnaseq,FOXC2_rnaseq,PROK1_rnaseq
,,PRKDC_rnaseq,TNFSF11_rnaseq,FOXD1_rnaseq,PROK2_rnaseq
,,PRKG1_rnaseq,TNFSF13_rnaseq,FOXD2_rnaseq,PSPN_rnaseq
,,PRKG2_rnaseq,TNFSF13B_rnaseq,FOXD3_rnaseq,PTH_rnaseq
,,PRKX_rnaseq,TNFSF14_rnaseq,FOXD4_rnaseq,PTH2_rnaseq
,,PRPF4B_rnaseq,TNFSF4_rnaseq,FOXE1_rnaseq,PTHLH_rnaseq
,,PSKH1_rnaseq,TNFSF8_rnaseq,FOXE3_rnaseq,PTN_rnaseq
,,PSKH2_rnaseq,VCAM1_rnaseq,FOXF1_rnaseq,PYY_rnaseq
,,PTK2_rnaseq,RABEP2_rnaseq,FOXF2_rnaseq,QRFP_rnaseq
,,PTK6_rnaseq,REG1A_rnaseq,FOXH1_rnaseq,RABEP1_rnaseq
,,PTK7_rnaseq,RETN_rnaseq,FOXI1_rnaseq,RABEP2_rnaseq
,,PXK_rnaseq,RETNLB_rnaseq,FOXJ1_rnaseq,REG1A_rnaseq
,,RAF1_rnaseq,RLN1_rnaseq,FOXJ2_rnaseq,RETN_rnaseq
,,RET_rnaseq,RLN2_rnaseq,FOXJ3_rnaseq,RETNLB_rnaseq
,,RIOK1_rnaseq,RLN3_rnaseq,FOXK2_rnaseq,RLN1_rnaseq
,,RIOK2_rnaseq,RNASE2_rnaseq,FOXL1_rnaseq,RLN2_rnaseq
,,RIOK3_rnaseq,S100A6_rnaseq,FOXL2_rnaseq,RLN3_rnaseq
,,RIPK1_rnaseq,SAA1_rnaseq,FOXM1_rnaseq,RNASE2_rnaseq
,,RIPK2_rnaseq,SAA2_rnaseq,FOXN1_rnaseq,S100A6_rnaseq
,,RIPK3_rnaseq,SBDS_rnaseq,FOXN2_rnaseq,SAA1_rnaseq
,,RIPK4_rnaseq,SCG2_rnaseq,FOXN3_rnaseq,SAA2_rnaseq
,,RNASEL_rnaseq,SCGB3A1_rnaseq,FOXO1_rnaseq,SBDS_rnaseq
,,ROCK1_rnaseq,SCT_rnaseq,FOXO3_rnaseq,SCG2_rnaseq
,,ROCK2_rnaseq,SECTM1_rnaseq,FOXO4_rnaseq,SCGB3A1_rnaseq
,,ROR1_rnaseq,SEMA3A_rnaseq,FOXP1_rnaseq,SCT_rnaseq
,,ROR2_rnaseq,SEMA3B_rnaseq,FOXP2_rnaseq,SECTM1_rnaseq
,,ROS1_rnaseq,SEMA3C_rnaseq,FOXP3_rnaseq,SEMA3A_rnaseq
,,RPS6KA1_rnaseq,SEMA3E_rnaseq,FOXQ1_rnaseq,SEMA3B_rnaseq
,,RPS6KA2_rnaseq,SEMA3F_rnaseq,FOXS1_rnaseq,SEMA3C_rnaseq
,,RPS6KA3_rnaseq,SEMA3G_rnaseq,FUBP1_rnaseq,SEMA3E_rnaseq
,,RPS6KA4_rnaseq,SEMA4B_rnaseq,GABPA_rnaseq,SEMA3F_rnaseq
,,RPS6KA5_rnaseq,SEMA4F_rnaseq,GATA1_rnaseq,SEMA3G_rnaseq
,,RPS6KA6_rnaseq,SEMA4G_rnaseq,GATA2_rnaseq,SEMA4B_rnaseq
,,RPS6KB1_rnaseq,SEMA5A_rnaseq,GATA3_rnaseq,SEMA4D_rnaseq
,,RPS6KB2_rnaseq,SEMA6B_rnaseq,GATA4_rnaseq,SEMA4F_rnaseq
,,RPS6KC1_rnaseq,SEMA6C_rnaseq,GATA5_rnaseq,SEMA4G_rnaseq
,,RPS6KL1_rnaseq,SEMA6D_rnaseq,GATA6_rnaseq,SEMA5A_rnaseq
,,RYK_rnaseq,SLIT1_rnaseq,GBX1_rnaseq,SEMA6B_rnaseq
,,SBK1_rnaseq,SLIT2_rnaseq,GBX2_rnaseq,SEMA6C_rnaseq
,,SBK2_rnaseq,SLURP1_rnaseq,GCM1_rnaseq,SEMA6D_rnaseq
,,SCYL1_rnaseq,SPP1_rnaseq,GCM2_rnaseq,SEMA7A_rnaseq
,,SCYL2_rnaseq,SST_rnaseq,GFI1_rnaseq,SLIT1_rnaseq
,,SCYL3_rnaseq,STC1_rnaseq,GFI1B_rnaseq,SLIT2_rnaseq
,,SGK1_rnaseq,STC2_rnaseq,GLI1_rnaseq,SLURP1_rnaseq
,,SGK2_rnaseq,TAC1_rnaseq,GLI2_rnaseq,SPP1_rnaseq
,,SGK3_rnaseq,TDGF1_rnaseq,GLI3_rnaseq,SST_rnaseq
,,SIK1_rnaseq,TDGF1P3_rnaseq,GLIS1_rnaseq,STC1_rnaseq
,,SIK2_rnaseq,TG_rnaseq,GLIS2_rnaseq,STC2_rnaseq
,,SIK3_rnaseq,TGFA_rnaseq,GRHL1_rnaseq,TAC1_rnaseq
,,SLC22A18_rnaseq,TGFB1_rnaseq,GSC2_rnaseq,TDGF1_rnaseq
,,SMG1_rnaseq,TGFB2_rnaseq,GSX2_rnaseq,TDGF1P3_rnaseq
,,SNRK_rnaseq,TGFB3_rnaseq,GTF2A1_rnaseq,TG_rnaseq
,,SPEG_rnaseq,THPO_rnaseq,GTF2A1L_rnaseq,TGFA_rnaseq
,,SRC_rnaseq,TNC_rnaseq,GTF2A2_rnaseq,TGFB1_rnaseq
,,SRMS_rnaseq,TNF_rnaseq,GTF2B_rnaseq,TGFB2_rnaseq
,,SRPK1_rnaseq,TNFRSF11B_rnaseq,GTF2E1_rnaseq,TGFB3_rnaseq
,,SRPK2_rnaseq,TNFSF12_rnaseq,GTF2E2_rnaseq,THPO_rnaseq
,,SRPK3_rnaseq,TNFSF15_rnaseq,GTF2F1_rnaseq,TNC_rnaseq
,,STK10_rnaseq,TNFSF18_rnaseq,GTF2F2_rnaseq,TNF_rnaseq
,,STK11_rnaseq,TNFSF9_rnaseq,GTF2H1_rnaseq,TNFRSF11B_rnaseq
,,STK16_rnaseq,TOR2A_rnaseq,GTF2H2_rnaseq,TNFSF10_rnaseq
,,STK17A_rnaseq,TRH_rnaseq,GTF2H3_rnaseq,TNFSF11_rnaseq
,,STK17B_rnaseq,TSHB_rnaseq,GTF2H4_rnaseq,TNFSF12_rnaseq
,,STK24_rnaseq,TSLP_rnaseq,GTF2I_rnaseq,TNFSF13_rnaseq
,,STK25_rnaseq,TXLNA_rnaseq,GTF3A_rnaseq,TNFSF13B_rnaseq
,,STK26_rnaseq,TYMP_rnaseq,GTF3C1_rnaseq,TNFSF14_rnaseq
,,STK3_rnaseq,UCN_rnaseq,GTF3C2_rnaseq,TNFSF15_rnaseq
,,STK31_rnaseq,UCN2_rnaseq,GTF3C3_rnaseq,TNFSF18_rnaseq
,,STK32A_rnaseq,UCN3_rnaseq,GTF3C4_rnaseq,TNFSF4_rnaseq
,,STK32B_rnaseq,UTS2_rnaseq,GTF3C5_rnaseq,TNFSF8_rnaseq
,,STK32C_rnaseq,UTS2B_rnaseq,GTPBP1_rnaseq,TNFSF9_rnaseq
,,STK33_rnaseq,VEGFA_rnaseq,HAND1_rnaseq,TOR2A_rnaseq
,,STK35_rnaseq,VEGFB_rnaseq,HAND2_rnaseq,TRH_rnaseq
,,STK36_rnaseq,VEGFC_rnaseq,HCFC2_rnaseq,TSHB_rnaseq
,,STK38_rnaseq,VGF_rnaseq,HDAC1_rnaseq,TSLP_rnaseq
,,STK38L_rnaseq,VIP_rnaseq,HDAC2_rnaseq,TXLNA_rnaseq
,,STK39_rnaseq,XCL1_rnaseq,HDAC4_rnaseq,TYMP_rnaseq
,,STK4_rnaseq,XCL2_rnaseq,HDX_rnaseq,UCN_rnaseq
,,STK40_rnaseq,,HES1_rnaseq,UCN2_rnaseq
,,STKLD1_rnaseq,,HES2_rnaseq,UCN3_rnaseq
,,STRADA_rnaseq,,HES4_rnaseq,UTS2_rnaseq
,,STRADB_rnaseq,,HES6_rnaseq,UTS2B_rnaseq
,,STYK1_rnaseq,,HES7_rnaseq,VEGFA_rnaseq
,,SYK_rnaseq,,HESX1_rnaseq,VEGFB_rnaseq
,,TAF1_rnaseq,,HEXIM1_rnaseq,VEGFC_rnaseq
,,TAF1L_rnaseq,,HEY1_rnaseq,VGF_rnaseq
,,TAOK1_rnaseq,,HEY2_rnaseq,VIP_rnaseq
,,TAOK2_rnaseq,,HEYL_rnaseq,XCL1_rnaseq
,,TAOK3_rnaseq,,HHEX_rnaseq,XCL2_rnaseq
,,TBCK_rnaseq,,HIC1_rnaseq,
,,TBK1_rnaseq,,HIC2_rnaseq,
,,TEK_rnaseq,,HIF1A_rnaseq,
,,TESK1_rnaseq,,HIRA_rnaseq,
,,TESK2_rnaseq,,HIVEP1_rnaseq,
,,TEX14_rnaseq,,HIVEP2_rnaseq,
,,TGFBR1_rnaseq,,HLF_rnaseq,
,,TGFBR2_rnaseq,,HLTF_rnaseq,
,,TIE1_rnaseq,,HLX_rnaseq,
,,TLK1_rnaseq,,HMBOX1_rnaseq,
,,TLK2_rnaseq,,HMG20B_rnaseq,
,,TNIK_rnaseq,,HMGA1_rnaseq,
,,TNK1_rnaseq,,HMGA2_rnaseq,
,,TNK2_rnaseq,,HMGB1_rnaseq,
,,TNNI3K_rnaseq,,HMGB2_rnaseq,
,,TP53RK_rnaseq,,HMGN2_rnaseq,
,,TRIB1_rnaseq,,HMGXB3_rnaseq,
,,TRIB2_rnaseq,,HMX1_rnaseq,
,,TRIB3_rnaseq,,HMX2_rnaseq,
,,TRIM24_rnaseq,,HMX3_rnaseq,
,,TRIM28_rnaseq,,HNF1A_rnaseq,
,,TRIM33_rnaseq,,HNF1B_rnaseq,
,,TRIO_rnaseq,,HNF4A_rnaseq,
,,TRPM6_rnaseq,,HNF4G_rnaseq,
,,TRPM7_rnaseq,,HOMEZ_rnaseq,
,,TRRAP_rnaseq,,HOPX_rnaseq,
,,TSSK1B_rnaseq,,HOXA1_rnaseq,
,,TSSK3_rnaseq,,HOXA10_rnaseq,
,,TSSK4_rnaseq,,HOXA11_rnaseq,
,,TSSK6_rnaseq,,HOXA13_rnaseq,
,,TTBK1_rnaseq,,HOXA2_rnaseq,
,,TTBK2_rnaseq,,HOXA3_rnaseq,
,,TTK_rnaseq,,HOXA4_rnaseq,
,,TTN_rnaseq,,HOXA5_rnaseq,
,,TWF1_rnaseq,,HOXA6_rnaseq,
,,TWF2_rnaseq,,HOXA7_rnaseq,
,,TXK_rnaseq,,HOXA9_rnaseq,
,,TYK2_rnaseq,,HOXB1_rnaseq,
,,TYRO3_rnaseq,,HOXB13_rnaseq,
,,UHMK1_rnaseq,,HOXB2_rnaseq,
,,ULK1_rnaseq,,HOXB3_rnaseq,
,,ULK2_rnaseq,,HOXB4_rnaseq,
,,ULK3_rnaseq,,HOXB5_rnaseq,
,,ULK4_rnaseq,,HOXB6_rnaseq,
,,VRK1_rnaseq,,HOXB7_rnaseq,
,,VRK2_rnaseq,,HOXB8_rnaseq,
,,VRK3_rnaseq,,HOXB9_rnaseq,
,,WEE1_rnaseq,,HOXC10_rnaseq,
,,WEE2_rnaseq,,HOXC11_rnaseq,
,,WNK1_rnaseq,,HOXC12_rnaseq,
,,WNK4_rnaseq,,HOXC13_rnaseq,
,,ZAP70_rnaseq,,HOXC4_rnaseq,
,,,,HOXC5_rnaseq,
,,,,HOXC6_rnaseq,
,,,,HOXC8_rnaseq,
,,,,HOXC9_rnaseq,
,,,,HOXD1_rnaseq,
,,,,HOXD10_rnaseq,
,,,,HOXD11_rnaseq,
,,,,HOXD12_rnaseq,
,,,,HOXD13_rnaseq,
,,,,HOXD3_rnaseq,
,,,,HOXD4_rnaseq,
,,,,HOXD8_rnaseq,
,,,,HOXD9_rnaseq,
,,,,HR_rnaseq,
,,,,HSF1_rnaseq,
,,,,HSF2_rnaseq,
,,,,HSF2BP_rnaseq,
,,,,HSF4_rnaseq,
,,,,ID1_rnaseq,
,,,,ID2_rnaseq,
,,,,ID3_rnaseq,
,,,,ID4_rnaseq,
,,,,IER2_rnaseq,
,,,,IFT172_rnaseq,
,,,,IGHMBP2_rnaseq,
,,,,IKZF1_rnaseq,
,,,,IKZF2_rnaseq,
,,,,IKZF3_rnaseq,
,,,,IKZF5_rnaseq,
,,,,ILF2_rnaseq,
,,,,ILF3_rnaseq,
,,,,INSM1_rnaseq,
,,,,INSM2_rnaseq,
,,,,INTS4_rnaseq,
,,,,IRF1_rnaseq,
,,,,IRF2_rnaseq,
,,,,IRF3_rnaseq,
,,,,IRF4_rnaseq,
,,,,IRF5_rnaseq,
,,,,IRF6_rnaseq,
,,,,IRF7_rnaseq,
,,,,IRF8_rnaseq,
,,,,IRF9_rnaseq,
,,,,IRX1_rnaseq,
,,,,IRX2_rnaseq,
,,,,IRX3_rnaseq,
,,,,IRX4_rnaseq,
,,,,IRX5_rnaseq,
,,,,IRX6_rnaseq,
,,,,ISL1_rnaseq,
,,,,ISL2_rnaseq,
,,,,ISX_rnaseq,
,,,,JARID2_rnaseq,
,,,,JMJD4_rnaseq,
,,,,JUN_rnaseq,
,,,,JUNB_rnaseq,
,,,,JUND_rnaseq,
,,,,KAT2A_rnaseq,
,,,,KAT5_rnaseq,
,,,,KAT6A_rnaseq,
,,,,KAT6B_rnaseq,
,,,,KAT7_rnaseq,
,,,,KCNIP3_rnaseq,
,,,,KDM3B_rnaseq,
,,,,KDM4C_rnaseq,
,,,,KDM4D_rnaseq,
,,,,KDM5C_rnaseq,
,,,,KEAP1_rnaseq,
,,,,KIAA0040_rnaseq,
,,,,KLF1_rnaseq,
,,,,KLF10_rnaseq,
,,,,KLF11_rnaseq,
,,,,KLF12_rnaseq,
,,,,KLF13_rnaseq,
,,,,KLF14_rnaseq,
,,,,KLF15_rnaseq,
,,,,KLF16_rnaseq,
,,,,KLF2_rnaseq,
,,,,KLF3_rnaseq,
,,,,KLF4_rnaseq,
,,,,KLF5_rnaseq,
,,,,KLF6_rnaseq,
,,,,KLF7_rnaseq,
,,,,KLF8_rnaseq,
,,,,KLF9_rnaseq,
,,,,KLHL21_rnaseq,
,,,,KMT2A_rnaseq,
,,,,KMT2D_rnaseq,
,,,,L3MBTL1_rnaseq,
,,,,LARP1_rnaseq,
,,,,LAS1L_rnaseq,
,,,,LBX1_rnaseq,
,,,,LBX2_rnaseq,
,,,,LDB1_rnaseq,
,,,,LDB2_rnaseq,
,,,,LDOC1_rnaseq,
,,,,LEF1_rnaseq,
,,,,LEUTX_rnaseq,
,,,,LHX1_rnaseq,
,,,,LHX2_rnaseq,
,,,,LHX3_rnaseq,
,,,,LHX4_rnaseq,
,,,,LHX5_rnaseq,
,,,,LHX6_rnaseq,
,,,,LHX8_rnaseq,
,,,,LHX9_rnaseq,
,,,,LIMA1_rnaseq,
,,,,LIN28A_rnaseq,
,,,,LITAF_rnaseq,
,,,,LMO1_rnaseq,
,,,,LMO2_rnaseq,
,,,,LMO4_rnaseq,
,,,,LMO7_rnaseq,
,,,,LMX1A_rnaseq,
,,,,LMX1B_rnaseq,
,,,,LRRC14_rnaseq,
,,,,LSR_rnaseq,
,,,,LTN1_rnaseq,
,,,,LYL1_rnaseq,
,,,,LZTR1_rnaseq,
,,,,LZTS1_rnaseq,
,,,,MAF_rnaseq,
,,,,MAFB_rnaseq,
,,,,MAFF_rnaseq,
,,,,MAFG_rnaseq,
,,,,MAFK_rnaseq,
,,,,MAML3_rnaseq,
,,,,MAMLD1_rnaseq,
,,,,MANSC1_rnaseq,
,,,,MAPK8IP1_rnaseq,
,,,,MAX_rnaseq,
,,,,MAZ_rnaseq,
,,,,MBD1_rnaseq,
,,,,MBD2_rnaseq,
,,,,MBD4_rnaseq,
,,,,MBNL2_rnaseq,
,,,,MECOM_rnaseq,
,,,,MECP2_rnaseq,
,,,,MED1_rnaseq,
,,,,MED12_rnaseq,
,,,,MED14_rnaseq,
,,,,MED15_rnaseq,
,,,,MED16_rnaseq,
,,,,MED17_rnaseq,
,,,,MED21_rnaseq,
,,,,MED23_rnaseq,
,,,,MED24_rnaseq,
,,,,MED26_rnaseq,
,,,,MED27_rnaseq,
,,,,MED6_rnaseq,
,,,,MED7_rnaseq,
,,,,MEF2A_rnaseq,
,,,,MEF2C_rnaseq,
,,,,MEF2D_rnaseq,
,,,,MEFV_rnaseq,
,,,,MEIS1_rnaseq,
,,,,MEIS3_rnaseq,
,,,,MEOX1_rnaseq,
,,,,MEOX2_rnaseq,
,,,,MESP2_rnaseq,
,,,,METTL3_rnaseq,
,,,,MFSD12_rnaseq,
,,,,MFSD3_rnaseq,
,,,,MGA_rnaseq,
,,,,MGAT5_rnaseq,
,,,,MICALL1_rnaseq,
,,,,MID1_rnaseq,
,,,,MIEF1_rnaseq,
,,,,MIER1_rnaseq,
,,,,MIS18BP1_rnaseq,
,,,,MITF_rnaseq,
,,,,MIXL1_rnaseq,
,,,,MKX_rnaseq,
,,,,MLLT1_rnaseq,
,,,,MLLT10_rnaseq,
,,,,MLLT3_rnaseq,
,,,,MLLT6_rnaseq,
,,,,MLXIP_rnaseq,
,,,,MLXIPL_rnaseq,
,,,,MNAT1_rnaseq,
,,,,MNDA_rnaseq,
,,,,MNT_rnaseq,
,,,,MNX1_rnaseq,
,,,,MORF4L1_rnaseq,
,,,,MORF4L2_rnaseq,
,,,,MSC_rnaseq,
,,,,MSRB2_rnaseq,
,,,,MSX1_rnaseq,
,,,,MSX2_rnaseq,
,,,,MTA1_rnaseq,
,,,,MTA2_rnaseq,
,,,,MTF1_rnaseq,
,,,,MTF2_rnaseq,
,,,,MXD1_rnaseq,
,,,,MXD3_rnaseq,
,,,,MXD4_rnaseq,
,,,,MXI1_rnaseq,
,,,,MYB_rnaseq,
,,,,MYBBP1A_rnaseq,
,,,,MYBL1_rnaseq,
,,,,MYBL2_rnaseq,
,,,,MYCBP_rnaseq,
,,,,MYCL_rnaseq,
,,,,MYCN_rnaseq,
,,,,MYCNOS_rnaseq,
,,,,MYF5_rnaseq,
,,,,MYF6_rnaseq,
,,,,MYOD1_rnaseq,
,,,,MYOG_rnaseq,
,,,,MYRF_rnaseq,
,,,,MYT1_rnaseq,
,,,,MZF1_rnaseq,
,,,,NAB1_rnaseq,
,,,,NAB2_rnaseq,
,,,,NANOG_rnaseq,
,,,,NCOA1_rnaseq,
,,,,NCOA2_rnaseq,
,,,,NCOA3_rnaseq,
,,,,NCOA4_rnaseq,
,,,,NCOA6_rnaseq,
,,,,NCOR1_rnaseq,
,,,,NCOR2_rnaseq,
,,,,NEUROD1_rnaseq,
,,,,NEUROD2_rnaseq,
,,,,NEUROD4_rnaseq,
,,,,NEUROD6_rnaseq,
,,,,NEUROG1_rnaseq,
,,,,NEUROG2_rnaseq,
,,,,NEUROG3_rnaseq,
,,,,NFAT5_rnaseq,
,,,,NFATC1_rnaseq,
,,,,NFATC2_rnaseq,
,,,,NFATC3_rnaseq,
,,,,NFATC4_rnaseq,
,,,,NFE2_rnaseq,
,,,,NFE2L1_rnaseq,
,,,,NFE2L2_rnaseq,
,,,,NFE2L3_rnaseq,
,,,,NFIA_rnaseq,
,,,,NFIB_rnaseq,
,,,,NFIC_rnaseq,
,,,,NFIL3_rnaseq,
,,,,NFIX_rnaseq,
,,,,NFKB1_rnaseq,
,,,,NFKB2_rnaseq,
,,,,NFKBIA_rnaseq,
,,,,NFKBIB_rnaseq,
,,,,NFKBIE_rnaseq,
,,,,NFKBIL1_rnaseq,
,,,,NFRKB_rnaseq,
,,,,NFX1_rnaseq,
,,,,NFYA_rnaseq,
,,,,NFYB_rnaseq,
,,,,NFYC_rnaseq,
,,,,NHLH2_rnaseq,
,,,,NKRF_rnaseq,
,,,,NMI_rnaseq,
,,,,NOBOX_rnaseq,
,,,,NOTO_rnaseq,
,,,,NPAS1_rnaseq,
,,,,NPAS2_rnaseq,
,,,,NR0B1_rnaseq,
,,,,NR0B2_rnaseq,
,,,,NR1D1_rnaseq,
,,,,NR1D2_rnaseq,
,,,,NR1H2_rnaseq,
,,,,NR1H3_rnaseq,
,,,,NR1H4_rnaseq,
,,,,NR1I2_rnaseq,
,,,,NR1I3_rnaseq,
,,,,NR2C1_rnaseq,
,,,,NR2C2_rnaseq,
,,,,NR2E1_rnaseq,
,,,,NR2E3_rnaseq,
,,,,NR2F1_rnaseq,
,,,,NR2F2_rnaseq,
,,,,NR2F6_rnaseq,
,,,,NR3C1_rnaseq,
,,,,NR3C2_rnaseq,
,,,,NR4A1_rnaseq,
,,,,NR4A2_rnaseq,
,,,,NR4A3_rnaseq,
,,,,NR5A1_rnaseq,
,,,,NR5A2_rnaseq,
,,,,NR6A1_rnaseq,
,,,,NRF1_rnaseq,
,,,,NRIP1_rnaseq,
,,,,NRL_rnaseq,
,,,,NUFIP2_rnaseq,
,,,,OLIG1_rnaseq,
,,,,OLIG2_rnaseq,
,,,,OLIG3_rnaseq,
,,,,ONECUT1_rnaseq,
,,,,ONECUT2_rnaseq,
,,,,OSR1_rnaseq,
,,,,OTP_rnaseq,
,,,,OTUD7B_rnaseq,
,,,,OTX1_rnaseq,
,,,,OTX2_rnaseq,
,,,,OVOL1_rnaseq,
,,,,PACS2_rnaseq,
,,,,PATZ1_rnaseq,
,,,,PAX1_rnaseq,
,,,,PAX2_rnaseq,
,,,,PAX3_rnaseq,
,,,,PAX4_rnaseq,
,,,,PAX5_rnaseq,
,,,,PAX6_rnaseq,
,,,,PAX7_rnaseq,
,,,,PAX8_rnaseq,
,,,,PAX9_rnaseq,
,,,,PAXIP1_rnaseq,
,,,,PBX1_rnaseq,
,,,,PBX2_rnaseq,
,,,,PBX3_rnaseq,
,,,,PBX4_rnaseq,
,,,,PCGF2_rnaseq,
,,,,PCGF3_rnaseq,
,,,,PDLIM5_rnaseq,
,,,,PDX1_rnaseq,
,,,,PER1_rnaseq,
,,,,PER2_rnaseq,
,,,,PER3_rnaseq,
,,,,PFDN5_rnaseq,
,,,,PGR_rnaseq,
,,,,PHC1_rnaseq,
,,,,PHF11_rnaseq,
,,,,PHF3_rnaseq,
,,,,PHOX2A_rnaseq,
,,,,PHOX2B_rnaseq,
,,,,PHRF1_rnaseq,
,,,,PHTF1_rnaseq,
,,,,PIAS2_rnaseq,
,,,,PIAS3_rnaseq,
,,,,PITX1_rnaseq,
,,,,PITX2_rnaseq,
,,,,PITX3_rnaseq,
,,,,PKNOX1_rnaseq,
,,,,PKNOX2_rnaseq,
,,,,PLAG1_rnaseq,
,,,,PLAGL1_rnaseq,
,,,,PLAGL2_rnaseq,
,,,,PLRG1_rnaseq,
,,,,PMF1_rnaseq,
,,,,PML_rnaseq,
,,,,POU1F1_rnaseq,
,,,,POU2AF1_rnaseq,
,,,,POU2F1_rnaseq,
,,,,POU2F2_rnaseq,
,,,,POU2F3_rnaseq,
,,,,POU3F1_rnaseq,
,,,,POU3F2_rnaseq,
,,,,POU3F3_rnaseq,
,,,,POU3F4_rnaseq,
,,,,POU4F1_rnaseq,
,,,,POU4F2_rnaseq,
,,,,POU4F3_rnaseq,
,,,,POU5F1_rnaseq,
,,,,POU5F1B_rnaseq,
,,,,POU5F2_rnaseq,
,,,,POU6F1_rnaseq,
,,,,POU6F2_rnaseq,
,,,,PPARA_rnaseq,
,,,,PPARD_rnaseq,
,,,,PPARG_rnaseq,
,,,,PPARGC1A_rnaseq,
,,,,PPP1R13L_rnaseq,
,,,,PRDM1_rnaseq,
,,,,PRDM10_rnaseq,
,,,,PRDM11_rnaseq,
,,,,PRDM12_rnaseq,
,,,,PRDM13_rnaseq,
,,,,PRDM14_rnaseq,
,,,,PRDM15_rnaseq,
,,,,PRDM16_rnaseq,
,,,,PRDM2_rnaseq,
,,,,PRDM4_rnaseq,
,,,,PRDM5_rnaseq,
,,,,PRDM7_rnaseq,
,,,,PRDM8_rnaseq,
,,,,PRDM9_rnaseq,
,,,,PREB_rnaseq,
,,,,PRICKLE3_rnaseq,
,,,,PROP1_rnaseq,
,,,,PROX1_rnaseq,
,,,,PROX2_rnaseq,
,,,,PRR7_rnaseq,
,,,,PRRX1_rnaseq,
,,,,PRRX2_rnaseq,
,,,,PSMC5_rnaseq,
,,,,PTTG1IP_rnaseq,
,,,,PURA_rnaseq,
,,,,RARA_rnaseq,
,,,,RARB_rnaseq,
,,,,RARG_rnaseq,
,,,,RASSF7_rnaseq,
,,,,RAX_rnaseq,
,,,,RAX2_rnaseq,
,,,,RB1_rnaseq,
,,,,RBBP5_rnaseq,
,,,,RBBP9_rnaseq,
,,,,RBL1_rnaseq,
,,,,RBL2_rnaseq,
,,,,RBPJ_rnaseq,
,,,,RBPJL_rnaseq,
,,,,RCOR1_rnaseq,
,,,,RCVRN_rnaseq,
,,,,REL_rnaseq,
,,,,RELA_rnaseq,
,,,,RELB_rnaseq,
,,,,REPIN1_rnaseq,
,,,,RERE_rnaseq,
,,,,REST_rnaseq,
,,,,REV3L_rnaseq,
,,,,RFX1_rnaseq,
,,,,RFX2_rnaseq,
,,,,RFX3_rnaseq,
,,,,RFX4_rnaseq,
,,,,RFX5_rnaseq,
,,,,RFXANK_rnaseq,
,,,,RGCC_rnaseq,
,,,,RHOXF1_rnaseq,
,,,,RHOXF2B_rnaseq,
,,,,RIMS3_rnaseq,
,,,,RING1_rnaseq,
,,,,RLF_rnaseq,
,,,,RLIM_rnaseq,
,,,,RNF10_rnaseq,
,,,,RNF103_rnaseq,
,,,,RNF112_rnaseq,
,,,,RNF113A_rnaseq,
,,,,RNF114_rnaseq,
,,,,RNF115_rnaseq,
,,,,RNF13_rnaseq,
,,,,RNF14_rnaseq,
,,,,RNF141_rnaseq,
,,,,RNF144A_rnaseq,
,,,,RNF2_rnaseq,
,,,,RNF24_rnaseq,
,,,,RNF4_rnaseq,
,,,,RNF41_rnaseq,
,,,,RNF8_rnaseq,
,,,,RORA_rnaseq,
,,,,RORB_rnaseq,
,,,,RORC_rnaseq,
,,,,RREB1_rnaseq,
,,,,RRN3_rnaseq,
,,,,RUNX1_rnaseq,
,,,,RUNX1T1_rnaseq,
,,,,RUNX2_rnaseq,
,,,,RUNX3_rnaseq,
,,,,RXRA_rnaseq,
,,,,RXRB_rnaseq,
,,,,RXRG_rnaseq,
,,,,SAFB_rnaseq,
,,,,SALL1_rnaseq,
,,,,SALL2_rnaseq,
,,,,SALL3_rnaseq,
,,,,SALL4_rnaseq,
,,,,SAMD4B_rnaseq,
,,,,SAP18_rnaseq,
,,,,SAP30_rnaseq,
,,,,SAP30BP_rnaseq,
,,,,SART3_rnaseq,
,,,,SATB1_rnaseq,
,,,,SATB2_rnaseq,
,,,,SCAND2P_rnaseq,
,,,,SCML1_rnaseq,
,,,,SCML2_rnaseq,
,,,,SCRT1_rnaseq,
,,,,SCRT2_rnaseq,
,,,,SEBOX_rnaseq,
,,,,SERTAD1_rnaseq,
,,,,SERTAD2_rnaseq,
,,,,SETBP1_rnaseq,
,,,,SETD4_rnaseq,
,,,,SETDB1_rnaseq,
,,,,SF1_rnaseq,
,,,,SHOX2_rnaseq,
,,,,SIAH1_rnaseq,
,,,,SIAH2_rnaseq,
,,,,SIM1_rnaseq,
,,,,SIM2_rnaseq,
,,,,SIN3B_rnaseq,
,,,,SIX1_rnaseq,
,,,,SIX2_rnaseq,
,,,,SIX3_rnaseq,
,,,,SIX4_rnaseq,
,,,,SIX5_rnaseq,
,,,,SIX6_rnaseq,
,,,,SLC25A40_rnaseq,
,,,,SMAD2_rnaseq,
,,,,SMAD3_rnaseq,
,,,,SMAD4_rnaseq,
,,,,SMAD5_rnaseq,
,,,,SMAD6_rnaseq,
,,,,SMAD7_rnaseq,
,,,,SMAD9_rnaseq,
,,,,SMARCA1_rnaseq,
,,,,SMARCA2_rnaseq,
,,,,SMARCA4_rnaseq,
,,,,SMARCA5_rnaseq,
,,,,SMARCAD1_rnaseq,
,,,,SMARCB1_rnaseq,
,,,,SMARCC1_rnaseq,
,,,,SMARCC2_rnaseq,
,,,,SMARCE1_rnaseq,
,,,,SMYD5_rnaseq,
,,,,SNAI1_rnaseq,
,,,,SNAI2_rnaseq,
,,,,SNAI3_rnaseq,
,,,,SNAPC1_rnaseq,
,,,,SNAPC2_rnaseq,
,,,,SNAPC3_rnaseq,
,,,,SNAPC4_rnaseq,
,,,,SNAPC5_rnaseq,
,,,,SND1_rnaseq,
,,,,SNW1_rnaseq,
,,,,SOX1_rnaseq,
,,,,SOX10_rnaseq,
,,,,SOX11_rnaseq,
,,,,SOX12_rnaseq,
,,,,SOX13_rnaseq,
,,,,SOX14_rnaseq,
,,,,SOX15_rnaseq,
,,,,SOX17_rnaseq,
,,,,SOX18_rnaseq,
,,,,SOX2_rnaseq,
,,,,SOX21_rnaseq,
,,,,SOX3_rnaseq,
,,,,SOX30_rnaseq,
,,,,SOX4_rnaseq,
,,,,SOX5_rnaseq,
,,,,SOX6_rnaseq,
,,,,SOX8_rnaseq,
,,,,SOX9_rnaseq,
,,,,SP1_rnaseq,
,,,,SP2_rnaseq,
,,,,SP3_rnaseq,
,,,,SP4_rnaseq,
,,,,SPDEF_rnaseq,
,,,,SPEN_rnaseq,
,,,,SPI1_rnaseq,
,,,,SPIB_rnaseq,
,,,,SRA1_rnaseq,
,,,,SRCAP_rnaseq,
,,,,SREBF1_rnaseq,
,,,,SREBF2_rnaseq,
,,,,SRF_rnaseq,
,,,,SSRP1_rnaseq,
,,,,SSX1_rnaseq,
,,,,SSX2_rnaseq,
,,,,SSX3_rnaseq,
,,,,SSX4_rnaseq,
,,,,SSX5_rnaseq,
,,,,SSX7_rnaseq,
,,,,ST18_rnaseq,
,,,,STAT1_rnaseq,
,,,,STAT2_rnaseq,
,,,,STAT3_rnaseq,
,,,,STAT4_rnaseq,
,,,,STAT5A_rnaseq,
,,,,STAT5B_rnaseq,
,,,,STAT6_rnaseq,
,,,,STON1_rnaseq,
,,,,SUB1_rnaseq,
,,,,SUPT16H_rnaseq,
,,,,SUPT20H_rnaseq,
,,,,SUPT3H_rnaseq,
,,,,SUPT4H1_rnaseq,
,,,,SUPT5H_rnaseq,
,,,,SUPT6H_rnaseq,
,,,,TADA2A_rnaseq,
,,,,TADA3_rnaseq,
,,,,TAF1_rnaseq,
,,,,TAF10_rnaseq,
,,,,TAF11_rnaseq,
,,,,TAF12_rnaseq,
,,,,TAF13_rnaseq,
,,,,TAF15_rnaseq,
,,,,TAF1A_rnaseq,
,,,,TAF1B_rnaseq,
,,,,TAF1C_rnaseq,
,,,,TAF2_rnaseq,
,,,,TAF3_rnaseq,
,,,,TAF4_rnaseq,
,,,,TAF4B_rnaseq,
,,,,TAF5_rnaseq,
,,,,TAF5L_rnaseq,
,,,,TAF6_rnaseq,
,,,,TAF6L_rnaseq,
,,,,TAF7_rnaseq,
,,,,TAF9_rnaseq,
,,,,TAL1_rnaseq,
,,,,TAL2_rnaseq,
,,,,TBC1D10B_rnaseq,
,,,,TBP_rnaseq,
,,,,TBPL1_rnaseq,
,,,,TBR1_rnaseq,
,,,,TBX1_rnaseq,
,,,,TBX10_rnaseq,
,,,,TBX15_rnaseq,
,,,,TBX18_rnaseq,
,,,,TBX19_rnaseq,
,,,,TBX2_rnaseq,
,,,,TBX20_rnaseq,
,,,,TBX21_rnaseq,
,,,,TBX22_rnaseq,
,,,,TBX3_rnaseq,
,,,,TBX4_rnaseq,
,,,,TBX5_rnaseq,
,,,,TBX6_rnaseq,
,,,,TCEAL1_rnaseq,
,,,,TCERG1_rnaseq,
,,,,TCF12_rnaseq,
,,,,TCF15_rnaseq,
,,,,TCF19_rnaseq,
,,,,TCF20_rnaseq,
,,,,TCF21_rnaseq,
,,,,TCF3_rnaseq,
,,,,TCF4_rnaseq,
,,,,TCF7_rnaseq,
,,,,TCF7L1_rnaseq,
,,,,TCF7L2_rnaseq,
,,,,TCFL5_rnaseq,
,,,,TEAD1_rnaseq,
,,,,TEAD2_rnaseq,
,,,,TEAD3_rnaseq,
,,,,TEAD4_rnaseq,
,,,,TECPR1_rnaseq,
,,,,TEF_rnaseq,
,,,,TFAM_rnaseq,
,,,,TFAP2A_rnaseq,
,,,,TFAP2B_rnaseq,
,,,,TFAP2C_rnaseq,
,,,,TFAP2D_rnaseq,
,,,,TFAP4_rnaseq,
,,,,TFB1M_rnaseq,
,,,,TFB2M_rnaseq,
,,,,TFCP2_rnaseq,
,,,,TFCP2L1_rnaseq,
,,,,TFDP1_rnaseq,
,,,,TFDP2_rnaseq,
,,,,TFDP3_rnaseq,
,,,,TFE3_rnaseq,
,,,,TFEB_rnaseq,
,,,,TFEC_rnaseq,
,,,,TGFB1I1_rnaseq,
,,,,TGIF1_rnaseq,
,,,,TGIF2_rnaseq,
,,,,TGIF2LX_rnaseq,
,,,,THRA_rnaseq,
,,,,THRAP3_rnaseq,
,,,,THRB_rnaseq,
,,,,TICRR_rnaseq,
,,,,TIMELESS_rnaseq,
,,,,TLX1_rnaseq,
,,,,TLX2_rnaseq,
,,,,TLX3_rnaseq,
,,,,TMEM259_rnaseq,
,,,,TMEM260_rnaseq,
,,,,TMF1_rnaseq,
,,,,TNRC6A_rnaseq,
,,,,TONSL_rnaseq,
,,,,TOX_rnaseq,
,,,,TOX3_rnaseq,
,,,,TP53_rnaseq,
,,,,TP53I13_rnaseq,
,,,,TP63_rnaseq,
,,,,TP73_rnaseq,
,,,,TPRX1_rnaseq,
,,,,TPRXL_rnaseq,
,,,,TRIM10_rnaseq,
,,,,TRIM13_rnaseq,
,,,,TRIM15_rnaseq,
,,,,TRIM22_rnaseq,
,,,,TRIM24_rnaseq,
,,,,TRIM25_rnaseq,
,,,,TRIM26_rnaseq,
,,,,TRIM27_rnaseq,
,,,,TRIM28_rnaseq,
,,,,TRIM3_rnaseq,
,,,,TRIM33_rnaseq,
,,,,TRIM38_rnaseq,
,,,,TRIM62_rnaseq,
,,,,TRIOBP_rnaseq,
,,,,TRIP10_rnaseq,
,,,,TRIP11_rnaseq,
,,,,TRIP13_rnaseq,
,,,,TRIP6_rnaseq,
,,,,TRMT1_rnaseq,
,,,,TRPS1_rnaseq,
,,,,TSC22D1_rnaseq,
,,,,TSC22D2_rnaseq,
,,,,TSC22D3_rnaseq,
,,,,TSC22D4_rnaseq,
,,,,TSHZ1_rnaseq,
,,,,TSHZ2_rnaseq,
,,,,TSHZ3_rnaseq,
,,,,TTLL4_rnaseq,
,,,,TTLL5_rnaseq,
,,,,TUB_rnaseq,
,,,,TULP1_rnaseq,
,,,,TULP2_rnaseq,
,,,,TULP3_rnaseq,
,,,,TULP4_rnaseq,
,,,,TWIST1_rnaseq,
,,,,UBP1_rnaseq,
,,,,UBR4_rnaseq,
,,,,UBTF_rnaseq,
,,,,ULK2_rnaseq,
,,,,USE1_rnaseq,
,,,,USF1_rnaseq,
,,,,USF2_rnaseq,
,,,,UTF1_rnaseq,
,,,,VAX1_rnaseq,
,,,,VAX2_rnaseq,
,,,,VDR_rnaseq,
,,,,VENTX_rnaseq,
,,,,VENTXP1_rnaseq,
,,,,VEZF1_rnaseq,
,,,,VGLL1_rnaseq,
,,,,VPS72_rnaseq,
,,,,VSX1_rnaseq,
,,,,VSX2_rnaseq,
,,,,WDR45B_rnaseq,
,,,,WT1_rnaseq,
,,,,XBP1_rnaseq,
,,,,YAF2_rnaseq,
,,,,YBX1_rnaseq,
,,,,YBX2_rnaseq,
,,,,YBX3_rnaseq,
,,,,YEATS4_rnaseq,
,,,,YY1_rnaseq,
,,,,ZAR1_rnaseq,
,,,,ZBTB11_rnaseq,
,,,,ZBTB14_rnaseq,
,,,,ZBTB16_rnaseq,
,,,,ZBTB17_rnaseq,
,,,,ZBTB18_rnaseq,
,,,,ZBTB20_rnaseq,
,,,,ZBTB21_rnaseq,
,,,,ZBTB22_rnaseq,
,,,,ZBTB24_rnaseq,
,,,,ZBTB25_rnaseq,
,,,,ZBTB32_rnaseq,
,,,,ZBTB33_rnaseq,
,,,,ZBTB38_rnaseq,
,,,,ZBTB39_rnaseq,
,,,,ZBTB40_rnaseq,
,,,,ZBTB43_rnaseq,
,,,,ZBTB47_rnaseq,
,,,,ZBTB48_rnaseq,
,,,,ZBTB6_rnaseq,
,,,,ZBTB7A_rnaseq,
,,,,ZBTB7B_rnaseq,
,,,,ZDHHC1_rnaseq,
,,,,ZDHHC17_rnaseq,
,,,,ZEB1_rnaseq,
,,,,ZEB2_rnaseq,
,,,,ZFAND3_rnaseq,
,,,,ZFAND5_rnaseq,
,,,,ZFAND6_rnaseq,
,,,,ZFHX3_rnaseq,
,,,,ZFHX4_rnaseq,
,,,,ZFP28_rnaseq,
,,,,ZFP30_rnaseq,
,,,,ZFP36_rnaseq,
,,,,ZFP36L2_rnaseq,
,,,,ZFP37_rnaseq,
,,,,ZFP64_rnaseq,
,,,,ZFP69B_rnaseq,
,,,,ZFP91_rnaseq,
,,,,ZFPL1_rnaseq,
,,,,ZFPM1_rnaseq,
,,,,ZFPM2_rnaseq,
,,,,ZFR_rnaseq,
,,,,ZFX_rnaseq,
,,,,ZHX1_rnaseq,
,,,,ZHX2_rnaseq,
,,,,ZHX3_rnaseq,
,,,,ZIC1_rnaseq,
,,,,ZIC2_rnaseq,
,,,,ZIC3_rnaseq,
,,,,ZIC4_rnaseq,
,,,,ZIC5_rnaseq,
,,,,ZIM2_rnaseq,
,,,,ZKSCAN1_rnaseq,
,,,,ZKSCAN3_rnaseq,
,,,,ZKSCAN4_rnaseq,
,,,,ZKSCAN5_rnaseq,
,,,,ZKSCAN7_rnaseq,
,,,,ZKSCAN8_rnaseq,
,,,,ZMYM3_rnaseq,
,,,,ZMYM4_rnaseq,
,,,,ZMYM5_rnaseq,
,,,,ZMYM6_rnaseq,
,,,,ZMYND11_rnaseq,
,,,,ZNF10_rnaseq,
,,,,ZNF12_rnaseq,
,,,,ZNF124_rnaseq,
,,,,ZNF131_rnaseq,
,,,,ZNF132_rnaseq,
,,,,ZNF133_rnaseq,
,,,,ZNF134_rnaseq,
,,,,ZNF135_rnaseq,
,,,,ZNF136_rnaseq,
,,,,ZNF137P_rnaseq,
,,,,ZNF138_rnaseq,
,,,,ZNF14_rnaseq,
,,,,ZNF140_rnaseq,
,,,,ZNF141_rnaseq,
,,,,ZNF142_rnaseq,
,,,,ZNF143_rnaseq,
,,,,ZNF146_rnaseq,
,,,,ZNF148_rnaseq,
,,,,ZNF154_rnaseq,
,,,,ZNF155_rnaseq,
,,,,ZNF157_rnaseq,
,,,,ZNF16_rnaseq,
,,,,ZNF160_rnaseq,
,,,,ZNF165_rnaseq,
,,,,ZNF169_rnaseq,
,,,,ZNF17_rnaseq,
,,,,ZNF174_rnaseq,
,,,,ZNF175_rnaseq,
,,,,ZNF177_rnaseq,
,,,,ZNF18_rnaseq,
,,,,ZNF180_rnaseq,
,,,,ZNF184_rnaseq,
,,,,ZNF185_rnaseq,
,,,,ZNF189_rnaseq,
,,,,ZNF19_rnaseq,
,,,,ZNF195_rnaseq,
,,,,ZNF197_rnaseq,
,,,,ZNF2_rnaseq,
,,,,ZNF20_rnaseq,
,,,,ZNF200_rnaseq,
,,,,ZNF202_rnaseq,
,,,,ZNF205_rnaseq,
,,,,ZNF207_rnaseq,
,,,,ZNF208_rnaseq,
,,,,ZNF211_rnaseq,
,,,,ZNF212_rnaseq,
,,,,ZNF213_rnaseq,
,,,,ZNF214_rnaseq,
,,,,ZNF215_rnaseq,
,,,,ZNF217_rnaseq,
,,,,ZNF219_rnaseq,
,,,,ZNF22_rnaseq,
,,,,ZNF221_rnaseq,
,,,,ZNF222_rnaseq,
,,,,ZNF223_rnaseq,
,,,,ZNF224_rnaseq,
,,,,ZNF225_rnaseq,
,,,,ZNF226_rnaseq,
,,,,ZNF229_rnaseq,
,,,,ZNF23_rnaseq,
,,,,ZNF230_rnaseq,
,,,,ZNF232_rnaseq,
,,,,ZNF234_rnaseq,
,,,,ZNF235_rnaseq,
,,,,ZNF236_rnaseq,
,,,,ZNF239_rnaseq,
,,,,ZNF24_rnaseq,
,,,,ZNF25_rnaseq,
,,,,ZNF251_rnaseq,
,,,,ZNF254_rnaseq,
,,,,ZNF256_rnaseq,
,,,,ZNF26_rnaseq,
,,,,ZNF263_rnaseq,
,,,,ZNF264_rnaseq,
,,,,ZNF266_rnaseq,
,,,,ZNF267_rnaseq,
,,,,ZNF268_rnaseq,
,,,,ZNF271P_rnaseq,
,,,,ZNF273_rnaseq,
,,,,ZNF274_rnaseq,
,,,,ZNF275_rnaseq,
,,,,ZNF277_rnaseq,
,,,,ZNF28_rnaseq,
,,,,ZNF281_rnaseq,
,,,,ZNF282_rnaseq,
,,,,ZNF286A_rnaseq,
,,,,ZNF287_rnaseq,
,,,,ZNF3_rnaseq,
,,,,ZNF304_rnaseq,
,,,,ZNF318_rnaseq,
,,,,ZNF319_rnaseq,
,,,,ZNF32_rnaseq,
,,,,ZNF331_rnaseq,
,,,,ZNF334_rnaseq,
,,,,ZNF337_rnaseq,
,,,,ZNF33A_rnaseq,
,,,,ZNF33B_rnaseq,
,,,,ZNF35_rnaseq,
,,,,ZNF354A_rnaseq,
,,,,ZNF358_rnaseq,
,,,,ZNF362_rnaseq,
,,,,ZNF37A_rnaseq,
,,,,ZNF395_rnaseq,
,,,,ZNF408_rnaseq,
,,,,ZNF41_rnaseq,
,,,,ZNF410_rnaseq,
,,,,ZNF415_rnaseq,
,,,,ZNF416_rnaseq,
,,,,ZNF423_rnaseq,
,,,,ZNF43_rnaseq,
,,,,ZNF430_rnaseq,
,,,,ZNF432_rnaseq,
,,,,ZNF443_rnaseq,
,,,,ZNF444_rnaseq,
,,,,ZNF45_rnaseq,
,,,,ZNF460_rnaseq,
,,,,ZNF461_rnaseq,
,,,,ZNF473_rnaseq,
,,,,ZNF483_rnaseq,
,,,,ZNF510_rnaseq,
,,,,ZNF516_rnaseq,
,,,,ZNF532_rnaseq,
,,,,ZNF544_rnaseq,
,,,,ZNF552_rnaseq,
,,,,ZNF559_rnaseq,
,,,,ZNF576_rnaseq,
,,,,ZNF581_rnaseq,
,,,,ZNF592_rnaseq,
,,,,ZNF593_rnaseq,
,,,,ZNF605_rnaseq,
,,,,ZNF613_rnaseq,
,,,,ZNF629_rnaseq,
,,,,ZNF630_rnaseq,
,,,,ZNF639_rnaseq,
,,,,ZNF646_rnaseq,
,,,,ZNF649_rnaseq,
,,,,ZNF668_rnaseq,
,,,,ZNF669_rnaseq,
,,,,ZNF672_rnaseq,
,,,,ZNF682_rnaseq,
,,,,ZNF691_rnaseq,
,,,,ZNF692_rnaseq,
,,,,ZNF696_rnaseq,
,,,,ZNF7_rnaseq,
,,,,ZNF701_rnaseq,
,,,,ZNF706_rnaseq,
,,,,ZNF708_rnaseq,
,,,,ZNF711_rnaseq,
,,,,ZNF74_rnaseq,
,,,,ZNF746_rnaseq,
,,,,ZNF75A_rnaseq,
,,,,ZNF76_rnaseq,
,,,,ZNF79_rnaseq,
,,,,ZNF8_rnaseq,
,,,,ZNF80_rnaseq,
,,,,ZNF81_rnaseq,
,,,,ZNF823_rnaseq,
,,,,ZNF83_rnaseq,
,,,,ZNF831_rnaseq,
,,,,ZNF84_rnaseq,
,,,,ZNF85_rnaseq,
,,,,ZNF90_rnaseq,
,,,,ZNF91_rnaseq,
,,,,ZNF92_rnaseq,
,,,,ZNF93_rnaseq,
,,,,ZNHIT6_rnaseq,
,,,,ZPR1_rnaseq,
,,,,ZRANB2_rnaseq,
,,,,ZSCAN10_rnaseq,
,,,,ZSCAN12_rnaseq,
,,,,ZSCAN2_rnaseq,
,,,,ZSCAN20_rnaseq,
,,,,ZSCAN21_rnaseq,
,,,,ZSCAN22_rnaseq,
,,,,ZSCAN9_rnaseq,
,,,,ZXDA_rnaseq,
,,,,ZXDB_rnaseq,
,,,,ZXDC_rnaseq,
